,,,,,,,,Standard,Standard,Standard,Standard,Standard,Standard,Standard,Standard,Standard,Standard,Standard,Standard,Expected,Expected,Expected,Expected,Expected
Rk,Player,Nation,Pos,Squad,Age,Born,90s,Gls,Sh,SoT,SoT%,Sh/90,SoT/90,G/Sh,G/SoT,Dist,FK,PK,PKatt,xG,npxG,npxG/Sh,G-xG,np:G-xG
1,Max Aarons,ENG,DF,Bournemouth,24-348,2000,0.2,0,0,0,0,0.00,0.00,0,0,0,0,0,0,0.0,0.0,0,0.0,0.0
2,Tyler Adams,USA,MF,Bournemouth,25-307,1999,4.1,0,5,1,20.0,1.22,0.24,0.00,0.00,17.2,0,0,0,1.1,1.1,0.21,-1.1,-1.1
3,Tosin Adarabioyo,ENG,DF,Chelsea,27-084,1997,3.9,0,4,0,0.0,1.02,0.00,0.00,0,9.5,0,0,0,0.3,0.3,0.08,-0.3,-0.3
4,Simon Adingra,CIV,"FW,MF",Brighton,22-351,2002,3.9,1,8,3,37.5,2.06,0.77,0.13,0.33,13.6,0,0,0,0.6,0.6,0.08,+0.4,+0.4
5,Asher Agbinone,ENG,MF,Crystal Palace,19-080,2005,0.1,0,1,0,0.0,15.00,0.00,0.00,0,26.3,0,0,0,0.0,0.0,0.02,0.0,0.0
6,Ola Aina,NGA,DF,Nott'ham Forest,28-070,1996,15.3,1,4,1,25.0,0.26,0.07,0.25,1.00,25.9,0,0,0,0.1,0.1,0.03,+0.9,+0.9
7,Rayan Aït-Nouri,ALG,DF,Wolves,23-194,2001,15.2,3,16,4,25.0,1.05,0.26,0.19,0.75,14.6,0,0,0,1.3,1.3,0.09,+1.7,+1.7
8,Kristoffer Ajer,NOR,DF,Brentford,26-244,1998,7.2,0,1,1,100.0,0.14,0.14,0.00,0.00,6.2,0,0,0,0.3,0.3,0.28,-0.3,-0.3
9,Manuel Akanji,SUI,DF,Manchester City,29-151,1995,11.2,0,8,1,12.5,0.72,0.09,0.00,0.00,18.7,0,0,0,0.3,0.3,0.04,-0.3,-0.3
10,Nathan Aké,NED,DF,Manchester City,29-303,1995,3.3,0,2,0,0.0,0.60,0.00,0.00,0,12.3,0,0,0,0.1,0.1,0.06,-0.1,-0.1
11,Carlos Alcaraz,ARG,MF,Southampton,22-017,2002,0.1,0,1,1,100.0,9.00,9.00,0.00,0.00,9.7,0,0,0,0.1,0.1,0.07,-0.1,-0.1
12,Trent Alexander-Arnold,ENG,DF,Liverpool,26-071,1998,11.6,0,13,2,15.4,1.13,0.17,0.00,0.00,25.2,2,0,0,0.5,0.5,0.04,-0.5,-0.5
13,Alisson,BRA,GK,Liverpool,32-076,1992,6.9,0,0,0,0,0.00,0.00,0,0,0,0,0,0,0.0,0.0,0,0.0,0.0
14,Miguel Almirón,PAR,FW,Newcastle Utd,30-311,1994,1.4,0,5,1,20.0,3.66,0.73,0.00,0.00,15.3,0,0,0,0.5,0.5,0.09,-0.5,-0.5
15,Edson Álvarez,MEX,MF,West Ham,27-054,1997,7.8,0,6,0,0.0,0.77,0.00,0.00,0,27.9,0,0,0,0.1,0.1,0.02,-0.1,-0.1
16,Samuel Amo-Ameyaw,ENG,"FW,DF",Southampton,18-152,2006,0.3,0,1,0,0.0,3.21,0.00,0.00,0,20.7,0,0,0,0.0,0.0,0.02,0.0,0.0
17,Joachim Andersen,DEN,DF,Crystal Palace,28-200,1996,1.0,0,1,1,100.0,1.00,1.00,0.00,0.00,25.2,0,0,0,0.0,0.0,0.04,0.0,0.0
18,Joachim Andersen,DEN,DF,Fulham,28-200,1996,7.7,0,8,2,25.0,1.04,0.26,0.00,0.00,18.2,0,0,0,0.2,0.2,0.03,-0.2,-0.2
19,Elliot Anderson,ENG,"MF,FW",Nott'ham Forest,22-041,2002,10.1,0,19,4,21.1,1.89,0.40,0.00,0.00,19.2,0,0,0,0.9,0.9,0.05,-0.9,-0.9
20,André,BRA,MF,Wolves,23-154,2001,8.1,0,2,1,50.0,0.25,0.12,0.00,0.00,24.8,0,0,0,0.1,0.1,0.03,-0.1,-0.1
21,Michail Antonio,JAM,FW,West Ham,34-264,1990,9.3,1,19,4,21.1,2.05,0.43,0.05,0.25,12.6,0,0,0,2.2,2.2,0.12,-1.2,-1.2
22,Antony,BRA,"FW,MF",Manchester Utd,24-297,2000,0.6,0,3,2,66.7,5.09,3.40,0.00,0.00,18.8,0,0,0,0.2,0.2,0.08,-0.2,-0.2
23,Julian Araujo,MEX,DF,Bournemouth,23-126,2001,3.9,0,0,0,0,0.00,0.00,0,0,0,0,0,0,0.0,0.0,0,0.0,0.0
24,Cameron Archer,ENG,FW,Southampton,23-149,2001,9.5,2,20,6,30.0,2.11,0.63,0.10,0.33,12.3,0,0,1,4.4,3.6,0.18,-2.4,-1.6
25,Alphonse Areola,FRA,GK,West Ham,31-294,1993,7.5,0,0,0,0,0.00,0.00,0,0,0,0,0,0,0.0,0.0,0,0.0,0.0
26,Joe Aribo,NGA,MF,Southampton,28-149,1996,10.0,2,11,6,54.5,1.10,0.60,0.18,0.33,13.2,0,0,0,2.2,2.2,0.20,-0.2,-0.2
27,Adam Armstrong,ENG,"FW,MF",Southampton,27-311,1997,9.5,2,18,5,27.8,1.90,0.53,0.11,0.40,16.2,0,0,1,2.9,2.0,0.11,-0.9,0.0
28,Harrison Armstrong,ENG,MF,Everton,17-333,2007,0.0,0,0,0,0,0.00,0.00,0,0,0,0,0,0,0.0,0.0,0,0.0,0.0
29,Kepa Arrizabalaga,ESP,GK,Bournemouth,30-075,1994,11.0,0,0,0,0,0.00,0.00,0,0,0,0,0,0,0.0,0.0,0,0.0,0.0
30,Taiwo Awoniyi,NGA,FW,Nott'ham Forest,27-127,1997,2.3,0,4,1,25.0,1.76,0.44,0.00,0.00,13.7,0,0,0,0.4,0.4,0.11,-0.4,-0.4
31,Yasin Ayari,SWE,MF,Brighton,21-072,2003,8.9,0,11,3,27.3,1.24,0.34,0.00,0.00,20.7,0,0,0,0.9,0.9,0.08,-0.9,-0.9
32,Jordan Ayew,GHA,"FW,MF",Crystal Palace,33-097,1991,0.2,0,1,0,0.0,4.29,0.00,0.00,0,5.5,0,0,0,0.5,0.5,0.46,-0.5,-0.5
33,Jordan Ayew,GHA,"FW,MF",Leicester City,33-097,1991,7.3,3,15,4,26.7,2.05,0.55,0.13,0.50,17.6,1,1,1,2.1,1.3,0.09,+0.9,+0.7
34,Benoît Badiashile,FRA,DF,Chelsea,23-266,2001,2.8,0,0,0,0,0.00,0.00,0,0,0,0,0,0,0.0,0.0,0,0.0,0.0
35,Leon Bailey,JAM,"FW,MF",Aston Villa,27-130,1997,8.1,0,11,2,18.2,1.35,0.25,0.00,0.00,17.4,1,0,0,0.6,0.6,0.05,-0.6,-0.6
36,Carlos Baleba,CMR,MF,Brighton,20-349,2004,10.0,2,20,6,30.0,2.01,0.60,0.10,0.33,24.8,0,0,0,1.0,1.0,0.05,+1.0,+1.0
37,Ross Barkley,ENG,MF,Aston Villa,31-012,1993,5.0,2,12,3,25.0,2.41,0.60,0.17,0.67,13.0,0,0,0,1.5,1.5,0.13,+0.5,+0.5
38,Harvey Barnes,ENG,FW,Newcastle Utd,27-008,1997,8.0,5,25,9,36.0,3.11,1.12,0.20,0.56,15.3,0,0,0,2.6,2.6,0.11,+2.4,+2.4
39,Calvin Bassey,NGA,DF,Fulham,24-352,1999,15.0,0,7,2,28.6,0.47,0.13,0.00,0.00,20.2,0,0,0,0.3,0.3,0.04,-0.3,-0.3
40,Jan Bednarek,POL,DF,Southampton,28-249,1996,11.9,0,1,0,0.0,0.08,0.00,0.00,0,42.3,0,0,0,0.0,0.0,0.01,0.0,0.0
41,Jean-Ricner Bellegarde,FRA,"MF,FW",Wolves,26-173,1998,8.1,1,9,2,22.2,1.12,0.25,0.11,0.50,22.0,1,0,0,0.6,0.6,0.07,+0.4,+0.4
42,Rodrigo Bentancur,URU,MF,Tottenham,27-175,1997,5.9,1,11,2,18.2,1.85,0.34,0.09,0.50,20.5,0,0,0,0.7,0.7,0.06,+0.3,+0.3
43,Sander Berge,NOR,MF,Fulham,26-307,1998,9.8,0,1,0,0.0,0.10,0.00,0.00,0,6.2,0,0,0,0.1,0.1,0.08,-0.1,-0.1
44,Lucas Bergvall,SWE,MF,Tottenham,18-319,2006,1.9,0,2,0,0.0,1.05,0.00,0.00,0,24.6,0,0,0,0.1,0.1,0.04,-0.1,-0.1
45,Victor Bernth Kristiansen,DEN,DF,Leicester City,22-001,2002,13.5,0,0,0,0,0.00,0.00,0,0,0,0,0,0,0.0,0.0,0,0.0,0.0
46,Beto,GNB,FW,Everton,26-321,1998,2.1,1,10,3,30.0,4.81,1.44,0.10,0.33,11.4,0,0,0,1.6,1.6,0.16,-0.6,-0.6
47,Philip Billing,DEN,MF,Bournemouth,28-189,1996,0.8,0,2,0,0.0,2.54,0.00,0.00,0,21.0,0,0,0,0.3,0.3,0.17,-0.3,-0.3
48,Yves Bissouma,MLI,MF,Tottenham,28-109,1996,8.2,2,4,2,50.0,0.49,0.24,0.50,1.00,23.1,0,0,0,0.3,0.3,0.08,+1.7,+1.7
49,Lamare Bogarde,NED,DF,Aston Villa,20-347,2004,2.4,0,0,0,0,0.00,0.00,0,0,0,0,0,0,0.0,0.0,0,0.0,0.0
50,Willy Boly,CIV,DF,Nott'ham Forest,33-318,1991,1.0,0,1,1,100.0,0.98,0.98,0.00,0.00,10.2,0,0,0,0.1,0.1,0.07,-0.1,-0.1
51,Jarrod Bowen,ENG,"FW,MF",West Ham,27-363,1996,15.7,4,39,17,43.6,2.48,1.08,0.08,0.18,19.9,0,1,1,3.2,2.5,0.06,+0.8,+0.5
52,Conor Bradley,NIR,DF,Liverpool,21-161,2003,2.6,0,5,2,40.0,1.91,0.76,0.00,0.00,14.7,0,0,0,0.4,0.4,0.08,-0.4,-0.4
53,Jarrad Branthwaite,ENG,DF,Everton,22-173,2002,6.1,0,1,0,0.0,0.16,0.00,0.00,0,14.8,0,0,0,0.0,0.0,0.03,0.0,0.0
54,James Bree,ENG,DF,Southampton,27-067,1997,1.5,0,0,0,0,0.00,0.00,0,0,0,0,0,0,0.0,0.0,0,0.0,0.0
55,Ben Brereton,CHI,FW,Southampton,25-243,1999,5.0,0,11,1,9.1,2.20,0.20,0.00,0.00,17.3,0,0,0,0.9,0.9,0.08,-0.9,-0.9
56,Nathan Broadhead,WAL,"FW,MF",Ipswich Town,26-256,1998,0.4,0,0,0,0,0.00,0.00,0,0,0,0,0,0,0.0,0.0,0,0.0,0.0
57,Armando Broja,ALB,FW,Everton,23-098,2001,0.4,0,0,0,0,0.00,0.00,0,0,0,0,0,0,0.0,0.0,0,0.0,0.0
58,David Brooks,WAL,"FW,MF",Bournemouth,27-162,1997,1.9,1,7,2,28.6,3.62,1.03,0.14,0.50,18.7,0,0,0,0.5,0.5,0.08,+0.5,+0.5
59,Emi Buendía,ARG,"MF,FW",Aston Villa,27-358,1996,0.5,0,1,0,0.0,2.09,0.00,0.00,0,20.4,1,0,0,0.1,0.1,0.09,-0.1,-0.1
60,Santiago Bueno,URU,DF,Wolves,26-038,1998,7.8,0,1,1,100.0,0.13,0.13,0.00,0.00,9.0,0,0,0,0.2,0.2,0.21,-0.2,-0.2
61,Facundo Buonanotte,ARG,"MF,FW",Leicester City,19-360,2004,10.2,4,22,9,40.9,2.16,0.89,0.18,0.44,17.3,0,0,0,3.2,3.2,0.14,+0.8,+0.8
62,Cameron Burgess,AUS,DF,Ipswich Town,29-057,1995,8.0,0,8,1,12.5,1.00,0.12,0.00,0.00,9.8,0,0,0,0.6,0.6,0.07,-0.6,-0.6
63,Dan Burn,ENG,DF,Newcastle Utd,32-222,1992,15.0,0,10,3,30.0,0.67,0.20,0.00,0.00,11.2,0,0,0,0.7,0.7,0.07,-0.7,-0.7
64,Wes Burns,WAL,FW,Ipswich Town,30-024,1994,7.3,0,5,1,20.0,0.69,0.14,0.00,0.00,19.4,0,0,0,0.3,0.3,0.07,-0.3,-0.3
65,Moisés Caicedo,ECU,"MF,DF",Chelsea,23-045,2001,15.7,1,9,2,22.2,0.57,0.13,0.11,0.50,24.7,0,0,0,0.4,0.4,0.04,+0.6,+0.6
66,Tom Cairney,SCO,MF,Fulham,33-332,1991,2.0,1,1,1,100.0,0.51,0.51,1.00,1.00,17.8,0,0,0,0.0,0.0,0.03,+1.0,+1.0
67,Jens Cajuste,SWE,MF,Ipswich Town,25-129,1999,6.1,0,2,0,0.0,0.33,0.00,0.00,0,23.5,0,0,0,0.1,0.1,0.04,-0.1,-0.1
68,Riccardo Calafiori,ITA,DF,Arsenal,22-212,2002,5.6,1,5,4,80.0,0.89,0.71,0.20,0.25,12.6,0,0,0,0.5,0.5,0.11,+0.5,+0.5
69,Dominic Calvert-Lewin,ENG,FW,Everton,27-276,1997,12.9,2,34,14,41.2,2.64,1.09,0.06,0.14,12.8,0,0,0,4.4,4.4,0.13,-2.4,-2.4
70,Diego Carlos,BRA,DF,Aston Villa,31-277,1993,8.2,0,4,1,25.0,0.49,0.12,0.00,0.00,6.7,0,0,0,0.6,0.6,0.16,-0.6,-0.6
71,Fabio Carvalho,POR,"FW,MF",Brentford,22-109,2002,4.7,1,10,4,40.0,2.15,0.86,0.10,0.25,16.1,0,0,0,2.1,2.1,0.21,-1.1,-1.1
72,Casemiro,BRA,MF,Manchester Utd,32-298,1992,8.3,1,15,4,26.7,1.81,0.48,0.07,0.25,19.0,0,0,0,1.0,1.0,0.06,0.0,0.0
73,Kaelan Casey,ENG,DF,West Ham,20-050,2004,0.0,0,0,0,0,0.00,0.00,0,0,0,0,0,0,0.0,0.0,0,0.0,0.0
74,Matty Cash,POL,"DF,FW",Aston Villa,27-132,1997,8.2,1,3,2,66.7,0.36,0.24,0.33,0.50,17.0,0,0,0,0.1,0.1,0.03,+0.9,+0.9
75,Timothy Castagne,BEL,DF,Fulham,29-012,1995,2.0,0,2,1,50.0,0.98,0.49,0.00,0.00,20.6,0,0,0,0.1,0.1,0.03,-0.1,-0.1
76,Trevoh Chalobah,ENG,DF,Crystal Palace,25-165,1999,9.8,2,8,3,37.5,0.82,0.31,0.25,0.67,16.0,0,0,0,0.9,0.9,0.11,+1.1,+1.1
77,Conor Chaplin,ENG,"MF,FW",Ipswich Town,27-305,1997,6.1,1,12,3,25.0,1.95,0.49,0.08,0.33,18.3,0,0,0,1.2,1.2,0.10,-0.2,-0.2
78,Federico Chiesa,ITA,FW,Liverpool,27-053,1997,0.2,0,2,1,50.0,9.47,4.74,0.00,0.00,21.8,0,0,0,0.2,0.2,0.08,-0.2,-0.2
79,Chiquinho,POR,MF,Wolves,24-316,2000,0.1,0,0,0,0,0.00,0.00,0,0,0,0,0,0,0.0,0.0,0,0.0,0.0
80,Hamza Choudhury,ENG,MF,Leicester City,27-077,1997,0.8,0,0,0,0,0.00,0.00,0,0,0,0,0,0,0.0,0.0,0,0.0,0.0
81,Ryan Christie,SCO,MF,Bournemouth,29-299,1995,11.6,1,16,6,37.5,1.38,0.52,0.06,0.17,20.7,0,0,0,0.8,0.8,0.05,+0.2,+0.2
82,Harry Clarke,ENG,DF,Ipswich Town,23-290,2001,3.2,0,1,1,100.0,0.31,0.31,0.00,0.00,4.5,0,0,0,0.1,0.1,0.08,-0.1,-0.1
83,Jack Clarke,ENG,FW,Ipswich Town,24-024,2000,5.6,0,10,1,10.0,1.79,0.18,0.00,0.00,18.5,0,0,0,0.8,0.8,0.08,-0.8,-0.8
84,Nathaniel Clyne,ENG,"DF,MF",Crystal Palace,33-256,1991,3.4,0,1,0,0.0,0.30,0.00,0.00,0,32.3,0,0,0,0.0,0.0,0.01,0.0,0.0
85,Conor Coady,ENG,DF,Leicester City,31-296,1993,4.1,0,0,0,0,0.00,0.00,0,0,0,0,0,0,0.0,0.0,0,0.0,0.0
86,Séamus Coleman,IRL,DF,Everton,36-067,1988,1.0,0,1,1,100.0,1.00,1.00,0.00,0.00,10.5,0,0,0,0.6,0.6,0.57,-0.6,-0.6
87,Nathan Collins,IRL,DF,Brentford,23-231,2001,16.0,2,10,5,50.0,0.62,0.31,0.20,0.40,8.6,0,0,0,2.0,2.0,0.20,0.0,0.0
88,Toby Collyer,ENG,MF,Manchester Utd,20-349,2004,0.5,0,0,0,0,0.00,0.00,0,0,0,0,0,0,0.0,0.0,0,0.0,0.0
89,Levi Colwill,ENG,DF,Chelsea,21-295,2003,15.0,0,4,1,25.0,0.27,0.07,0.00,0.00,7.7,0,0,0,0.4,0.4,0.09,-0.4,-0.4
90,Lewis Cook,ENG,MF,Bournemouth,27-318,1997,14.1,1,9,2,22.2,0.64,0.14,0.11,0.50,24.1,1,0,0,0.6,0.6,0.06,+0.4,+0.4
91,Maxwel Cornet,CIV,FW,Southampton,28-081,1996,0.8,0,1,0,0.0,1.25,0.00,0.00,0,18.8,0,0,0,0.2,0.2,0.16,-0.2,-0.2
92,Vladimír Coufal,CZE,DF,West Ham,32-117,1992,4.6,0,3,0,0.0,0.65,0.00,0.00,0,16.9,0,0,0,0.2,0.2,0.07,-0.2,-0.2
93,Aaron Cresswell,ENG,DF,West Ham,35-002,1989,0.4,0,1,0,0.0,2.81,0.00,0.00,0,31.6,1,0,0,0.0,0.0,0.03,0.0,0.0
94,Marc Cucurella,ESP,DF,Chelsea,26-148,1998,13.0,1,3,1,33.3,0.23,0.08,0.33,1.00,20.8,0,0,0,0.2,0.2,0.06,+0.8,+0.8
95,Jorge Cuenca,ESP,DF,Fulham,25-030,1999,1.0,0,0,0,0,0.00,0.00,0,0,0,0,0,0,0.0,0.0,0,0.0,0.0
96,Matheus Cunha,BRA,"MF,FW",Wolves,25-204,1999,14.8,8,46,18,39.1,3.10,1.21,0.17,0.44,19.3,2,0,0,3.8,3.8,0.08,+4.2,+4.2
97,Patson Daka,ZAM,"FW,MF",Leicester City,26-069,1998,1.2,1,3,1,33.3,2.41,0.80,0.33,1.00,17.8,0,0,0,0.2,0.2,0.07,+0.8,+0.8
98,Diogo Dalot,POR,DF,Manchester Utd,25-274,1999,15.6,0,9,3,33.3,0.58,0.19,0.00,0.00,19.1,0,0,0,0.9,0.9,0.09,-0.9,-0.9
99,Mikkel Damsgaard,DEN,"MF,FW",Brentford,24-167,2000,12.2,2,15,5,33.3,1.23,0.41,0.13,0.40,15.1,2,0,0,1.5,1.5,0.10,+0.5,+0.5
100,Danilo,BRA,MF,Nott'ham Forest,23-232,2001,0.2,0,0,0,0,0.00,0.00,0,0,0,0,0,0,0.0,0.0,0,0.0,0.0
101,Ben Davies,WAL,DF,Tottenham,31-237,1993,3.0,0,0,0,0,0.00,0.00,0,0,0,0,0,0,0.0,0.0,0,0.0,0.0
102,Leif Davis,ENG,DF,Ipswich Town,24-340,2000,16.0,1,10,2,20.0,0.62,0.12,0.10,0.50,19.1,1,0,0,0.6,0.6,0.06,+0.4,+0.4
103,Craig Dawson,ENG,DF,Wolves,34-225,1990,9.8,0,4,1,25.0,0.41,0.10,0.00,0.00,8.7,0,0,0,0.5,0.5,0.11,-0.5,-0.5
104,Kevin De Bruyne,BEL,MF,Manchester City,33-172,1991,7.0,2,25,7,28.0,3.59,1.00,0.08,0.29,22.7,3,0,0,2.1,2.1,0.08,-0.1,-0.1
105,Liam Delap,ENG,FW,Ipswich Town,21-313,2003,13.2,6,28,12,42.9,2.12,0.91,0.21,0.50,14.6,0,0,0,4.4,4.4,0.16,+1.6,+1.6
106,Sepp van den Berg,NED,DF,Brentford,22-363,2001,13.0,0,8,3,37.5,0.61,0.23,0.00,0.00,11.4,0,0,0,0.6,0.6,0.08,-0.6,-0.6
107,Justin Devenny,NIR,MF,Crystal Palace,21-067,2003,2.3,1,4,1,25.0,1.74,0.43,0.25,1.00,18.7,1,0,0,0.5,0.5,0.11,+0.5,+0.5
108,Kiernan Dewsbury-Hall,ENG,MF,Chelsea,26-102,1998,0.7,0,0,0,0,0.00,0.00,0,0,0,0,0,0,0.0,0.0,0,0.0,0.0
109,Amad Diallo,CIV,"FW,DF",Manchester Utd,22-159,2002,9.8,2,24,8,33.3,2.44,0.81,0.08,0.25,18.7,0,0,0,2.0,2.0,0.08,0.0,0.0
110,Rúben Dias,POR,DF,Manchester City,27-217,1997,12.1,0,13,3,23.1,1.08,0.25,0.00,0.00,20.1,0,0,0,1.1,1.1,0.08,-1.1,-1.1
111,Luis Díaz,COL,FW,Liverpool,27-339,1997,9.8,5,24,10,41.7,2.45,1.02,0.21,0.50,13.1,0,0,0,3.6,3.6,0.15,+1.4,+1.4
112,Tyler Dibling,ENG,"MF,FW",Southampton,18-280,2006,10.3,1,15,6,40.0,1.45,0.58,0.07,0.17,21.9,0,0,0,1.1,1.1,0.07,-0.1,-0.1
113,Lucas Digne,FRA,DF,Aston Villa,31-150,1993,12.9,0,7,2,28.6,0.54,0.15,0.00,0.00,19.6,2,0,0,0.5,0.5,0.08,-0.5,-0.5
114,Issa Diop,FRA,DF,Fulham,27-343,1997,8.4,0,5,2,40.0,0.60,0.24,0.00,0.00,10.7,0,0,0,0.5,0.5,0.11,-0.5,-0.5
115,Axel Disasi,FRA,DF,Chelsea,26-281,1998,2.0,1,1,1,100.0,0.49,0.49,1.00,1.00,2.9,0,0,0,0.2,0.2,0.25,+0.8,+0.8
116,Roman Dixon,ENG,DF,Everton,19-357,2004,1.0,0,0,0,0,0.00,0.00,0,0,0,0,0,0,0.0,0.0,0,0.0,0.0
117,Matt Doherty,IRL,DF,Wolves,32-336,1992,4.9,1,6,1,16.7,1.22,0.20,0.17,1.00,12.9,0,0,0,0.5,0.5,0.08,+0.5,+0.5
118,Jeremy Doku,BEL,"FW,MF",Manchester City,22-204,2002,6.9,2,15,4,26.7,2.18,0.58,0.13,0.50,18.8,0,0,0,0.7,0.7,0.05,+1.3,+1.3
119,Nicolás Domínguez,ARG,"MF,FW",Nott'ham Forest,26-172,1998,8.7,0,11,4,36.4,1.27,0.46,0.00,0.00,16.1,0,0,0,1.2,1.2,0.11,-1.2,-1.2
120,Alfie Dorrington,ENG,DF,Tottenham,19-241,2005,0.2,0,0,0,0,0.00,0.00,0,0,0,0,0,0,0.0,0.0,0,0.0,0.0
121,Abdoulaye Doucouré,MLI,MF,Everton,31-351,1993,10.9,0,7,1,14.3,0.64,0.09,0.00,0.00,16.1,0,0,0,0.6,0.6,0.08,-0.6,-0.6
122,Cheick Doucouré,MLI,MF,Crystal Palace,24-344,2000,2.7,0,6,0,0.0,2.19,0.00,0.00,0,19.3,0,0,0,0.4,0.4,0.06,-0.4,-0.4
123,Flynn Downes,ENG,MF,Southampton,25-332,1999,13.5,1,7,3,42.9,0.52,0.22,0.14,0.33,16.8,0,0,0,0.6,0.6,0.08,+0.4,+0.4
124,Tommy Doyle,ENG,MF,Wolves,23-061,2001,3.7,0,7,2,28.6,1.90,0.54,0.00,0.00,24.8,0,0,0,0.5,0.5,0.07,-0.5,-0.5
125,Radu Drăgușin,ROU,DF,Tottenham,22-318,2002,8.0,0,3,1,33.3,0.38,0.13,0.00,0.00,12.8,0,0,0,0.0,0.0,0.02,0.0,0.0
126,Martin Dúbravka,SVK,GK,Newcastle Utd,35-337,1989,1.0,0,0,0,0,0.00,0.00,0,0,0,0,0,0,0.0,0.0,0,0.0,0.0
127,Lewis Dunk,ENG,DF,Brighton,33-026,1991,11.0,0,7,1,14.3,0.63,0.09,0.00,0.00,11.7,1,0,0,0.6,0.6,0.08,-0.6,-0.6
128,Jhon Durán,COL,FW,Aston Villa,21-004,2003,5.5,6,26,12,46.2,4.76,2.20,0.23,0.50,15.1,0,0,0,3.8,3.8,0.15,+2.2,+2.2
129,Ederson,BRA,GK,Manchester City,31-122,1993,13.0,0,0,0,0,0.00,0.00,0,0,0,0,0,0,0.0,0.0,0,0.0,0.0
130,George Edmundson,ENG,DF,Ipswich Town,27-108,1997,0.0,0,0,0,0,0.00,0.00,0,0,0,0,0,0,0.0,0.0,0,0.0,0.0
131,Odsonne Édouard,FRA,"MF,FW",Crystal Palace,26-336,1998,1.3,0,5,1,20.0,3.91,0.78,0.00,0.00,20.9,0,0,0,0.4,0.4,0.08,-0.4,-0.4
132,Odsonne Édouard,FRA,FW,Leicester City,26-336,1998,0.3,0,0,0,0,0.00,0.00,0,0,0,0,0,0,0.0,0.0,0,0.0,0.0
133,Samuel Edozie,ENG,"DF,FW",Southampton,21-324,2003,0.7,0,0,0,0,0.00,0.00,0,0,0,0,0,0,0.0,0.0,0,0.0,0.0
134,Ronnie Edwards,ENG,DF,Southampton,21-264,2003,0.1,0,0,0,0,0.00,0.00,0,0,0,0,0,0,0.0,0.0,0,0.0,0.0
135,Anthony Elanga,SWE,FW,Nott'ham Forest,22-234,2002,9.1,1,13,4,30.8,1.43,0.44,0.08,0.25,16.8,1,0,0,1.1,1.1,0.08,-0.1,-0.1
136,Harvey Elliott,ENG,"DF,FW",Liverpool,21-257,2003,0.2,0,1,0,0.0,4.29,0.00,0.00,0,16.3,0,0,0,0.0,0.0,0.04,0.0,0.0
137,Yunus Emre Konak,TUR,"MF,FW",Brentford,18-342,2006,0.2,0,1,0,0.0,4.50,0.00,0.00,0,21.4,0,0,0,0.2,0.2,0.15,-0.2,-0.2
138,Julio Enciso,PAR,"MF,FW",Brighton,20-329,2004,1.5,0,8,6,75.0,5.29,3.97,0.00,0.00,26.2,1,0,0,0.3,0.3,0.04,-0.3,-0.3
139,Wataru Endo,JPN,MF,Liverpool,31-312,1993,0.3,0,0,0,0,0.00,0.00,0,0,0,0,0,0,0.0,0.0,0,0.0,0.0
140,Christian Eriksen,DEN,MF,Manchester Utd,32-307,1992,5.6,0,3,0,0.0,0.53,0.00,0.00,0,22.3,0,0,0,0.1,0.1,0.04,-0.1,-0.1
141,Pervis Estupiñán,ECU,DF,Brighton,26-331,1998,10.8,0,12,3,25.0,1.11,0.28,0.00,0.00,26.6,2,0,0,0.5,0.5,0.04,-0.5,-0.5
142,Evanilson,BRA,FW,Bournemouth,25-072,1999,12.3,4,33,15,45.5,2.68,1.22,0.12,0.27,13.5,0,0,1,5.9,5.1,0.15,-1.9,-1.1
143,Jonny Evans,NIR,DF,Manchester Utd,36-349,1988,3.2,0,1,0,0.0,0.31,0.00,0.00,0,8.4,0,0,0,0.1,0.1,0.10,-0.1,-0.1
144,Eberechi Eze,ENG,"MF,FW",Crystal Palace,26-171,1998,12.0,1,43,13,30.2,3.59,1.09,0.02,0.08,20.6,5,0,0,3.5,3.5,0.08,-2.5,-2.5
145,Łukasz Fabiański,POL,GK,West Ham,39-243,1985,8.5,0,0,0,0,0.00,0.00,0,0,0,0,0,0,0.0,0.0,0,0.0,0.0
146,Wout Faes,BEL,DF,Leicester City,26-258,1998,13.5,1,7,1,14.3,0.52,0.07,0.14,1.00,9.1,0,0,0,0.9,0.9,0.13,+0.1,+0.1
147,Abdul Fatawu Issahaku,GHA,FW,Leicester City,20-284,2004,6.4,0,13,5,38.5,2.02,0.78,0.00,0.00,31.2,0,0,0,0.4,0.4,0.03,-0.4,-0.4
148,João Félix,POR,"FW,MF",Chelsea,25-037,1999,3.3,1,15,3,20.0,4.53,0.91,0.07,0.33,15.5,0,0,0,1.8,1.8,0.12,-0.8,-0.8
149,Evan Ferguson,IRL,FW,Brighton,20-059,2004,2.5,1,6,2,33.3,2.43,0.81,0.17,0.50,20.1,1,0,0,0.4,0.4,0.06,+0.6,+0.6
150,Bruno Fernandes,POR,"MF,FW",Manchester Utd,30-100,1994,14.9,4,41,8,19.5,2.76,0.54,0.05,0.25,20.1,5,2,2,5.7,4.1,0.10,-1.7,-2.1
151,Mateus Fernandes,POR,MF,Southampton,20-160,2004,12.7,1,14,5,35.7,1.10,0.39,0.07,0.20,15.7,1,0,0,1.6,1.6,0.11,-0.6,-0.6
152,Enzo Fernández,ARG,MF,Chelsea,23-335,2001,11.8,3,15,6,40.0,1.27,0.51,0.20,0.50,16.3,1,0,0,1.7,1.7,0.11,+1.3,+1.3
153,Mark Flekken,NED,GK,Brentford,31-187,1993,16.0,0,0,0,0,0.00,0.00,0,0,0,0,0,0,0.0,0.0,0,0.0,0.0
154,Phil Foden,ENG,"MF,FW",Manchester City,24-203,2000,8.0,0,24,3,12.5,3.00,0.37,0.00,0.00,18.7,0,0,0,1.6,1.6,0.07,-1.6,-1.6
155,Wesley Fofana,FRA,DF,Chelsea,24-000,2000,11.3,0,2,0,0.0,0.18,0.00,0.00,0,10.4,0,0,0,0.4,0.4,0.20,-0.4,-0.4
156,Carlos Forbs,POR,"MF,FW",Wolves,20-273,2004,2.3,0,1,0,0.0,0.44,0.00,0.00,0,15.6,0,0,0,0.1,0.1,0.11,-0.1,-0.1
157,Fraser Forster,ENG,GK,Tottenham,36-275,1988,4.0,0,0,0,0,0.00,0.00,0,0,0,0,0,0,0.0,0.0,0,0.0,0.0
158,Ryan Fraser,SCO,"FW,DF",Southampton,30-297,1994,3.4,0,1,1,100.0,0.30,0.30,0.00,0.00,31.6,0,0,0,0.0,0.0,0.03,0.0,0.0
159,Niclas Füllkrug,GER,FW,West Ham,31-312,1993,1.3,1,4,2,50.0,3.19,1.59,0.25,0.50,10.3,0,0,0,0.8,0.8,0.19,+0.2,+0.2
160,Cody Gakpo,NED,FW,Liverpool,25-224,1999,7.7,3,24,8,33.3,3.13,1.04,0.13,0.38,15.7,0,0,0,2.9,2.9,0.12,+0.1,+0.1
161,Idrissa Gana Gueye,SEN,MF,Everton,35-082,1989,11.9,0,14,2,14.3,1.18,0.17,0.00,0.00,24.3,0,0,0,0.7,0.7,0.05,-0.7,-0.7
162,Alejandro Garnacho,ARG,"FW,MF",Manchester Utd,20-169,2004,10.5,3,36,15,41.7,3.44,1.43,0.08,0.20,16.4,0,0,0,4.0,4.0,0.11,-1.0,-1.0
163,James Garner,ENG,"DF,MF",Everton,23-279,2001,2.8,0,2,0,0.0,0.71,0.00,0.00,0,29.3,1,0,0,0.0,0.0,0.02,0.0,0.0
164,Morgan Gibbs-White,ENG,MF,Nott'ham Forest,24-325,2000,10.4,2,23,11,47.8,2.22,1.06,0.09,0.18,16.7,2,0,0,1.6,1.6,0.07,+0.4,+0.4
165,Billy Gilmour,SCO,MF,Brighton,23-189,2001,1.1,0,1,0,0.0,0.92,0.00,0.00,0,25.5,1,0,0,0.1,0.1,0.08,-0.1,-0.1
166,João Gomes,BRA,MF,Wolves,23-309,2001,14.1,2,15,5,33.3,1.07,0.36,0.13,0.40,19.9,0,0,0,1.0,1.0,0.07,+1.0,+1.0
167,Rodrigo Gomes,POR,"DF,FW",Wolves,21-163,2003,3.0,0,2,0,0.0,0.66,0.00,0.00,0,20.5,0,0,0,0.1,0.1,0.03,-0.1,-0.1
168,Toti Gomes,POR,DF,Wolves,25-336,1999,12.0,0,2,0,0.0,0.17,0.00,0.00,0,25.7,0,0,0,0.0,0.0,0.01,0.0,0.0
169,Joe Gomez,ENG,DF,Liverpool,27-208,1997,3.4,0,3,2,66.7,0.89,0.59,0.00,0.00,11.9,0,0,0,0.3,0.3,0.11,-0.3,-0.3
170,Anthony Gordon,ENG,FW,Newcastle Utd,23-297,2001,13.1,3,26,10,38.5,1.98,0.76,0.08,0.20,16.8,0,1,2,4.9,3.3,0.13,-1.9,-1.3
171,Ryan Gravenberch,NED,MF,Liverpool,22-215,2002,14.7,0,7,2,28.6,0.48,0.14,0.00,0.00,23.8,0,0,0,0.6,0.6,0.09,-0.6,-0.6
172,Archie Gray,ENG,"DF,MF",Tottenham,18-280,2006,2.7,0,1,1,100.0,0.37,0.37,0.00,0.00,24.6,0,0,0,0.0,0.0,0.02,0.0,0.0
173,Jack Grealish,ENG,"FW,MF",Manchester City,29-098,1995,5.4,0,9,3,33.3,1.68,0.56,0.00,0.00,16.6,0,0,0,0.6,0.6,0.07,-0.6,-0.6
174,Jacob Greaves,ENG,DF,Ipswich Town,24-096,2000,8.0,0,6,2,33.3,0.75,0.25,0.00,0.00,9.9,0,0,0,0.4,0.4,0.07,-0.4,-0.4
175,Brajan Gruda,GER,MF,Brighton,20-200,2004,1.0,0,1,0,0.0,1.03,0.00,0.00,0,24.8,1,0,0,0.1,0.1,0.05,-0.1,-0.1
176,Gonçalo Guedes,POR,"FW,MF",Wolves,28-018,1996,3.0,1,7,4,57.1,2.34,1.34,0.14,0.25,21.3,0,0,0,0.5,0.5,0.08,+0.5,+0.5
177,Marc Guéhi,ENG,DF,Crystal Palace,24-157,2000,16.0,2,9,4,44.4,0.56,0.25,0.22,0.50,9.5,0,0,0,1.3,1.3,0.15,+0.7,+0.7
178,Luis Guilherme,BRA,MF,West Ham,18-312,2006,0.1,0,0,0,0,0.00,0.00,0,0,0,0,0,0,0.0,0.0,0,0.0,0.0
179,Bruno Guimarães,BRA,MF,Newcastle Utd,27-031,1997,15.5,1,19,5,26.3,1.22,0.32,0.05,0.20,19.3,0,0,0,1.8,1.8,0.09,-0.8,-0.8
180,Marc Guiu,ESP,FW,Chelsea,18-348,2006,0.3,0,0,0,0,0.00,0.00,0,0,0,0,0,0,0.0,0.0,0,0.0,0.0
181,İlkay Gündoğan,GER,MF,Manchester City,34-054,1990,11.6,0,15,3,20.0,1.30,0.26,0.00,0.00,17.9,2,0,0,1.6,1.6,0.11,-1.6,-1.6
182,Malo Gusto,FRA,DF,Chelsea,21-212,2003,10.6,0,15,2,13.3,1.41,0.19,0.00,0.00,22.2,0,0,0,1.1,1.1,0.08,-1.1,-1.1
183,Joško Gvardiol,CRO,DF,Manchester City,22-329,2002,14.5,4,22,8,36.4,1.52,0.55,0.18,0.50,15.0,0,0,0,1.7,1.7,0.08,+2.3,+2.3
184,Erling Haaland,NOR,FW,Manchester City,24-149,2000,16.0,13,69,36,52.2,4.32,2.25,0.17,0.33,12.1,1,1,1,13.0,12.2,0.19,0.0,-0.2
185,Lewis Hall,ENG,DF,Newcastle Utd,20-100,2004,13.6,0,5,0,0.0,0.37,0.00,0.00,0,14.4,0,0,0,0.3,0.3,0.05,-0.3,-0.3
186,Ali Al Hamadi,IRQ,FW,Ipswich Town,22-291,2002,0.8,0,1,0,0.0,1.22,0.00,0.00,0,12.2,0,0,0,0.1,0.1,0.06,-0.1,-0.1
187,Marcus Harness,ENG,MF,Ipswich Town,28-297,1996,0.5,0,0,0,0,0.00,0.00,0,0,0,0,0,0,0.0,0.0,0,0.0,0.0
188,Jack Harrison,ENG,FW,Everton,28-027,1996,8.1,0,13,2,15.4,1.60,0.25,0.00,0.00,15.0,0,0,0,1.6,1.6,0.12,-1.6,-1.6
189,Taylor Harwood-Bellis,ENG,DF,Southampton,22-322,2002,13.6,1,10,4,40.0,0.74,0.30,0.10,0.25,9.9,0,0,0,1.2,1.2,0.12,-0.2,-0.2
190,Kai Havertz,GER,FW,Arsenal,25-189,1999,14.8,5,35,13,37.1,2.36,0.88,0.14,0.38,11.8,0,0,0,5.9,5.9,0.17,-0.9,-0.9
191,Jan Paul van Hecke,NED,DF,Brighton,24-192,2000,12.9,0,8,2,25.0,0.62,0.16,0.00,0.00,17.2,0,0,0,0.6,0.6,0.07,-0.6,-0.6
192,Hwang Hee-chan,KOR,"MF,FW",Wolves,28-326,1996,3.5,0,0,0,0,0.00,0.00,0,0,0,0,0,0,0.0,0.0,0,0.0,0.0
193,Dean Henderson,ENG,GK,Crystal Palace,27-280,1997,16.0,0,1,0,0.0,0.06,0.00,0.00,0,14.9,0,0,0,0.0,0.0,0.01,0.0,0.0
194,Mads Hermansen,DEN,GK,Leicester City,24-159,2000,15.5,0,0,0,0,0.00,0.00,0,0,0,0,0,0,0.0,0.0,0,0.0,0.0
195,Son Heung-min,KOR,FW,Tottenham,32-162,1992,10.9,5,30,16,53.3,2.74,1.46,0.17,0.31,16.6,0,0,0,3.5,3.5,0.12,+1.5,+1.5
196,James Hill,ENG,MF,Bournemouth,22-342,2002,0.1,0,0,0,0,0.00,0.00,0,0,0,0,0,0,0.0,0.0,0,0.0,0.0
197,Jack Hinshelwood,ENG,"MF,DF",Brighton,19-250,2005,9.3,1,7,3,42.9,0.75,0.32,0.14,0.33,15.1,0,0,0,0.7,0.7,0.11,+0.3,+0.3
198,George Hirst,ENG,FW,Ipswich Town,25-306,1999,2.0,1,3,2,66.7,1.50,1.00,0.33,0.50,9.2,0,0,0,0.8,0.8,0.26,+0.2,+0.2
199,Mason Holgate,ENG,"FW,DF",Everton,28-056,1996,0.1,0,0,0,0,0.00,0.00,0,0,0,0,0,0,0.0,0.0,0,0.0,0.0
200,Callum Hudson-Odoi,ENG,FW,Nott'ham Forest,24-040,2000,12.7,2,21,8,38.1,1.66,0.63,0.10,0.25,18.8,0,0,0,1.3,1.3,0.06,+0.7,+0.7
201,Will Hughes,ENG,MF,Crystal Palace,29-244,1995,9.8,0,10,1,10.0,1.02,0.10,0.00,0.00,22.8,0,0,0,0.6,0.6,0.06,-0.6,-0.6
202,Dean Huijsen,ESP,DF,Bournemouth,19-247,2005,5.8,1,5,1,20.0,0.86,0.17,0.20,1.00,11.0,0,0,0,0.9,0.9,0.18,+0.1,+0.1
203,Omari Hutchinson,ENG,"MF,FW",Ipswich Town,21-048,2003,14.6,1,21,8,38.1,1.44,0.55,0.05,0.13,20.0,2,0,0,1.3,1.3,0.06,-0.3,-0.3
204,Rasmus Højlund,DEN,FW,Manchester Utd,21-317,2003,7.6,2,7,4,57.1,0.92,0.53,0.29,0.50,14.7,0,0,0,1.8,1.8,0.26,+0.2,+0.2
205,Igor,BRA,DF,Brighton,26-314,1998,8.3,0,1,0,0.0,0.12,0.00,0.00,0,14.1,0,0,0,0.0,0.0,0.05,0.0,0.0
206,Danny Ings,ENG,FW,West Ham,32-147,1992,2.0,1,11,5,45.5,5.50,2.50,0.09,0.20,11.7,0,0,0,2.1,2.1,0.19,-1.1,-1.1
207,Tim Iroegbunam,ENG,MF,Everton,21-170,2003,4.3,0,4,0,0.0,0.94,0.00,0.00,0,20.5,0,0,0,0.2,0.2,0.05,-0.2,-0.2
208,Andy Irving,SCO,MF,West Ham,24-218,2000,0.6,0,1,1,100.0,1.76,1.76,0.00,0.00,28.3,0,0,0,0.0,0.0,0.04,0.0,0.0
209,Alexander Isak,SWE,FW,Newcastle Utd,25-087,1999,12.5,7,41,15,36.6,3.27,1.20,0.17,0.47,14.6,2,0,0,7.1,7.1,0.17,-0.1,-0.1
210,Alex Iwobi,NGA,FW,Fulham,28-228,1996,15.4,5,27,14,51.9,1.75,0.91,0.19,0.36,16.3,0,0,0,2.4,2.4,0.09,+2.6,+2.6
211,Nicolas Jackson,SEN,FW,Chelsea,23-180,2001,13.1,9,41,21,51.2,3.12,1.60,0.22,0.43,11.8,0,0,0,8.5,8.5,0.21,+0.5,+0.5
212,Reece James,ENG,DF,Chelsea,25-009,1999,2.7,0,0,0,0,0.00,0.00,0,0,0,0,0,0,0.0,0.0,0,0.0,0.0
213,Vitaly Janelt,GER,MF,Brentford,26-221,1998,12.8,1,10,3,30.0,0.78,0.23,0.10,0.33,19.1,0,0,0,0.6,0.6,0.06,+0.4,+0.4
214,Vitezslav Jaros,CZE,GK,Liverpool,23-147,2001,0.1,0,0,0,0,0.00,0.00,0,0,0,0,0,0,0.0,0.0,0,0.0,0.0
215,Daniel Jebbison,ENG,FW,Bournemouth,21-126,2003,0.3,0,0,0,0,0.00,0.00,0,0,0,0,0,0,0.0,0.0,0,0.0,0.0
216,Mathias Jensen,DEN,MF,Brentford,28-351,1996,5.3,0,5,1,20.0,0.94,0.19,0.00,0.00,21.5,0,0,0,0.2,0.2,0.05,-0.2,-0.2
217,Gabriel Jesus,BRA,FW,Arsenal,27-258,1997,3.0,0,10,2,20.0,3.30,0.66,0.00,0.00,12.7,0,0,0,0.9,0.9,0.09,-0.9,-0.9
218,Raúl Jiménez,MEX,FW,Fulham,33-226,1991,10.8,5,33,14,42.4,3.07,1.30,0.12,0.29,13.7,0,1,1,4.9,4.1,0.13,+0.1,-0.1
219,João Pedro,BRA,"MF,FW",Brighton,23-082,2001,7.5,4,18,7,38.9,2.39,0.93,0.22,0.57,15.4,0,0,0,2.5,2.5,0.14,+1.5,+1.5
220,Joelinton,BRA,"MF,FW",Newcastle Utd,28-125,1996,14.7,2,25,8,32.0,1.71,0.55,0.08,0.25,13.5,0,0,0,2.2,2.2,0.09,-0.2,-0.2
221,Ben Johnson,ENG,"DF,FW",Ipswich Town,24-328,2000,5.6,0,1,1,100.0,0.18,0.18,0.00,0.00,24.0,0,0,0,0.0,0.0,0.04,0.0,0.0
222,Brennan Johnson,WAL,FW,Tottenham,23-208,2001,13.0,6,37,11,29.7,2.84,0.85,0.16,0.55,11.8,0,0,0,7.1,7.1,0.19,-1.1,-1.1
223,Sam Johnstone,ENG,GK,Wolves,31-267,1993,7.0,0,0,0,0,0.00,0.00,0,0,0,0,0,0,0.0,0.0,0,0.0,0.0
224,Curtis Jones,ENG,MF,Liverpool,23-322,2001,7.1,2,15,7,46.7,2.12,0.99,0.13,0.29,15.5,0,0,0,1.9,1.9,0.13,+0.1,+0.1
225,Jorginho,ITA,MF,Arsenal,32-363,1991,4.4,0,1,0,0.0,0.23,0.00,0.00,0,22.5,0,0,0,0.0,0.0,0.04,0.0,0.0
226,Diogo Jota,POR,FW,Liverpool,28-013,1996,5.6,3,16,4,25.0,2.86,0.71,0.19,0.75,12.1,0,0,0,3.1,3.1,0.19,-0.1,-0.1
227,James Justin,ENG,DF,Leicester City,26-298,1998,14.9,2,11,3,27.3,0.74,0.20,0.18,0.67,13.0,0,0,0,0.6,0.6,0.06,+1.4,+1.4
228,Filip Jørgensen,DEN,GK,Chelsea,22-245,2002,1.0,0,0,0,0,0.00,0.00,0,0,0,0,0,0,0.0,0.0,0,0.0,0.0
229,Ferdi Kadioglu,TUR,"DF,MF",Brighton,25-071,1999,4.3,1,4,1,25.0,0.94,0.23,0.25,1.00,15.1,0,0,0,0.4,0.4,0.11,+0.6,+0.6
230,Daichi Kamada,JPN,MF,Crystal Palace,28-134,1996,7.2,0,8,3,37.5,1.11,0.41,0.00,0.00,18.8,0,0,0,0.6,0.6,0.07,-0.6,-0.6
231,Boubacar Kamara,FRA,MF,Aston Villa,25-024,1999,3.8,0,0,0,0,0.00,0.00,0,0,0,0,0,0,0.0,0.0,0,0.0,0.0
232,Michael Keane,ENG,DF,Everton,31-341,1993,9.0,2,8,3,37.5,0.89,0.33,0.25,0.67,14.8,0,0,0,0.4,0.4,0.05,+1.6,+1.6
233,Caoimhín Kelleher,IRL,GK,Liverpool,26-024,1998,8.0,0,0,0,0,0.00,0.00,0,0,0,0,0,0,0.0,0.0,0,0.0,0.0
234,Lloyd Kelly,ENG,DF,Newcastle Utd,26-072,1998,3.3,0,2,0,0.0,0.60,0.00,0.00,0,5.8,0,0,0,0.4,0.4,0.18,-0.4,-0.4
235,Milos Kerkez,HUN,DF,Bournemouth,21-040,2003,15.2,1,9,1,11.1,0.59,0.07,0.11,1.00,21.8,0,0,0,0.3,0.2,0.02,+0.7,+0.8
236,Bilal El Khannouss,MAR,"MF,FW",Leicester City,20-221,2004,5.7,1,4,1,25.0,0.70,0.18,0.25,1.00,18.0,0,0,0,0.2,0.2,0.06,+0.8,+0.8
237,Max Kilman,ENG,DF,West Ham,27-208,1997,16.0,0,10,2,20.0,0.62,0.12,0.00,0.00,7.9,0,0,0,1.4,1.4,0.14,-1.4,-1.4
238,Joshua King,ENG,MF,Fulham,17-349,2007,0.1,0,0,0,0,0.00,0.00,0,0,0,0,0,0,0.0,0.0,0,0.0,0.0
239,Jakub Kiwior,POL,DF,Arsenal,24-306,2000,3.6,0,0,0,0,0.00,0.00,0,0,0,0,0,0,0.0,0.0,0,0.0,0.0
240,Justin Kluivert,NED,"MF,FW",Bournemouth,25-226,1999,10.9,5,28,13,46.4,2.57,1.20,0.04,0.08,20.3,0,4,4,5.2,2.1,0.07,-0.2,-1.1
241,Ibrahima Konaté,FRA,DF,Liverpool,25-206,1999,10.8,1,8,2,25.0,0.74,0.18,0.13,0.50,9.1,0,0,0,0.8,0.8,0.11,+0.2,+0.2
242,Ezri Konsa,ENG,DF,Aston Villa,27-055,1997,13.1,1,5,2,40.0,0.38,0.15,0.20,0.50,9.1,0,0,0,0.6,0.6,0.12,+0.4,+0.4
243,Mateo Kovačić,CRO,MF,Manchester City,30-225,1994,10.0,3,20,5,25.0,2.00,0.50,0.15,0.60,21.9,0,0,0,1.0,1.0,0.05,+2.0,+2.0
244,Caleb Kporha,ENG,DF,Crystal Palace,18-155,2006,0.0,0,0,0,0,0.00,0.00,0,0,0,0,0,0,0.0,0.0,0,0.0,0.0
245,Emil Krafth,SWE,DF,Newcastle Utd,30-137,1994,2.7,0,1,0,0.0,0.37,0.00,0.00,0,14.6,0,0,0,0.0,0.0,0.03,0.0,0.0
246,Mohammed Kudus,GHA,"MF,FW",West Ham,24-137,2000,10.0,2,34,12,35.3,3.40,1.20,0.06,0.17,15.8,0,0,0,3.1,3.1,0.09,-1.1,-1.1
247,Dejan Kulusevski,SWE,"MF,FW",Tottenham,24-236,2000,13.7,4,25,10,40.0,1.83,0.73,0.16,0.40,15.1,0,0,0,2.0,2.0,0.08,+2.0,+2.0
248,Maxence Lacroix,FRA,DF,Crystal Palace,24-255,2000,13.0,1,10,1,10.0,0.77,0.08,0.10,1.00,10.9,0,0,0,1.2,1.2,0.12,-0.2,-0.2
249,Adam Lallana,ENG,MF,Southampton,36-221,1988,3.5,0,3,0,0.0,0.86,0.00,0.00,0,18.1,0,0,0,0.2,0.2,0.06,-0.2,-0.2
250,Tariq Lamptey,GHA,DF,Brighton,24-078,2000,2.6,1,2,1,50.0,0.76,0.38,0.50,1.00,21.5,0,0,0,0.1,0.1,0.05,+0.9,+0.9
251,Will Lankshear,ENG,FW,Tottenham,19-241,2005,0.1,0,0,0,0,0.00,0.00,0,0,0,0,0,0,0.0,0.0,0,0.0,0.0
252,Roméo Lavia,BEL,MF,Chelsea,20-346,2004,5.3,0,1,0,0.0,0.19,0.00,0.00,0,16.0,0,0,0,0.2,0.2,0.18,-0.2,-0.2
253,Mario Lemina,GAB,"MF,DF",Wolves,31-107,1993,14.8,1,18,5,27.8,1.22,0.34,0.06,0.20,21.9,0,0,0,1.4,1.4,0.08,-0.4,-0.4
254,Bernd Leno,GER,GK,Fulham,32-288,1992,16.0,0,0,0,0,0.00,0.00,0,0,0,0,0,0,0.0,0.0,0,0.0,0.0
255,Jefferson Lerma,COL,MF,Crystal Palace,30-053,1994,8.4,0,10,1,10.0,1.19,0.12,0.00,0.00,23.2,0,0,0,0.4,0.4,0.04,-0.4,-0.4
256,Rico Lewis,ENG,"DF,MF",Manchester City,20-026,2004,11.4,1,7,1,14.3,0.62,0.09,0.14,1.00,15.9,0,0,0,1.1,1.1,0.15,-0.1,-0.1
257,Keane Lewis-Potter,ENG,"DF,FW",Brentford,23-299,2001,13.3,0,14,7,50.0,1.05,0.53,0.00,0.00,20.7,1,0,0,0.9,0.9,0.07,-0.9,-0.9
258,Myles Lewis-Skelly,ENG,DF,Arsenal,18-082,2006,0.9,0,0,0,0,0.00,0.00,0,0,0,0,0,0,0.0,0.0,0,0.0,0.0
259,Matthijs de Ligt,NED,DF,Manchester Utd,25-127,1999,12.7,1,8,6,75.0,0.63,0.47,0.13,0.17,7.0,0,0,0,1.2,1.2,0.15,-0.2,-0.2
260,Victor Lindelöf,SWE,"DF,MF",Manchester Utd,30-153,1994,0.7,0,0,0,0,0.00,0.00,0,0,0,0,0,0,0.0,0.0,0,0.0,0.0
261,Jesper Lindstrøm,DEN,FW,Everton,24-292,2000,5.8,0,19,7,36.8,3.29,1.21,0.00,0.00,21.1,5,0,0,1.4,1.4,0.07,-1.4,-1.4
262,Valentino Livramento,ENG,DF,Newcastle Utd,22-035,2002,12.6,0,1,0,0.0,0.08,0.00,0.00,0,25.1,0,0,0,0.0,0.0,0.04,0.0,0.0
263,Sean Longstaff,ENG,MF,Newcastle Utd,27-048,1997,7.6,0,6,1,16.7,0.78,0.13,0.00,0.00,13.5,0,0,0,0.6,0.6,0.10,-0.6,-0.6
264,Saša Lukić,SRB,MF,Fulham,28-126,1996,9.7,0,2,0,0.0,0.21,0.00,0.00,0,23.5,0,0,0,0.0,0.0,0.02,0.0,0.0
265,Joe Lumley,ENG,GK,Southampton,29-306,1995,3.0,0,0,0,0,0.00,0.00,0,0,0,0,0,0,0.0,0.0,0,0.0,0.0
266,Massimo Luongo,AUS,MF,Ipswich Town,32-083,1992,1.6,0,0,0,0,0.00,0.00,0,0,0,0,0,0,0.0,0.0,0,0.0,0.0
267,Ian Maatsen,NED,DF,Aston Villa,22-282,2002,3.2,0,4,1,25.0,1.24,0.31,0.00,0.00,31.5,0,0,0,0.1,0.1,0.02,-0.1,-0.1
268,Alexis Mac Allister,ARG,MF,Liverpool,25-359,1998,11.0,0,10,5,50.0,0.91,0.46,0.00,0.00,18.2,0,0,0,0.6,0.6,0.06,-0.6,-0.6
269,James Maddison,ENG,MF,Tottenham,28-024,1996,11.4,7,27,15,55.6,2.37,1.32,0.26,0.47,15.0,4,0,0,4.5,4.5,0.17,+2.5,+2.5
270,Noni Madueke,ENG,FW,Chelsea,22-282,2002,11.4,5,49,21,42.9,4.31,1.85,0.10,0.24,14.7,0,0,0,5.0,5.0,0.10,0.0,0.0
271,Gabriel Magalhães,BRA,DF,Arsenal,26-364,1997,13.1,3,14,5,35.7,1.07,0.38,0.21,0.60,8.4,0,0,0,1.7,1.7,0.12,+1.3,+1.3
272,Edmond-Paris Maghoma,ENG,MF,Brentford,23-223,2001,0.3,0,0,0,0,0.00,0.00,0,0,0,0,0,0,0.0,0.0,0,0.0,0.0
273,Harry Maguire,ENG,DF,Manchester Utd,31-287,1993,5.0,0,1,0,0.0,0.20,0.00,0.00,0,10.3,0,0,0,0.0,0.0,0.04,0.0,0.0
274,Kobbie Mainoo,ENG,MF,Manchester Utd,19-242,2005,9.1,0,6,1,16.7,0.66,0.11,0.00,0.00,23.3,0,0,0,0.2,0.2,0.04,-0.2,-0.2
275,Tyrell Malacia,NED,DF,Manchester Utd,25-122,1999,0.5,0,0,0,0,0.00,0.00,0,0,0,0,0,0,0.0,0.0,0,0.0,0.0
276,Orel Mangala,BEL,MF,Everton,26-274,1998,7.5,1,7,2,28.6,0.93,0.27,0.14,0.50,22.4,0,0,0,0.4,0.4,0.06,+0.6,+0.6
277,Ryan Manning,IRL,DF,Southampton,28-186,1996,7.3,0,3,0,0.0,0.41,0.00,0.00,0,16.3,0,0,0,0.1,0.1,0.05,-0.1,-0.1
278,Gabriel Martinelli,BRA,"MF,FW",Arsenal,23-182,2001,9.5,3,17,9,52.9,1.79,0.95,0.18,0.33,13.1,0,0,0,2.3,2.3,0.14,+0.7,+0.7
279,Emiliano Martínez,ARG,GK,Aston Villa,32-106,1992,15.5,0,0,0,0,0.00,0.00,0,0,0,0,0,0,0.0,0.0,0,0.0,0.0
280,Lisandro Martínez,ARG,DF,Manchester Utd,26-334,1998,12.8,0,10,3,30.0,0.78,0.23,0.00,0.00,17.2,0,0,0,0.9,0.9,0.09,-0.9,-0.9
281,Pape Matar Sarr,SEN,MF,Tottenham,22-094,2002,9.5,1,14,6,42.9,1.48,0.63,0.07,0.17,22.8,0,0,0,1.5,1.5,0.11,-0.5,-0.5
282,Jean-Philippe Mateta,FRA,FW,Crystal Palace,27-172,1997,13.0,4,28,7,25.0,2.15,0.54,0.11,0.43,16.1,0,1,1,4.3,3.5,0.13,-0.3,-0.5
283,Stephy Mavididi,ENG,"FW,MF",Leicester City,26-200,1998,8.4,2,12,3,25.0,1.42,0.36,0.17,0.67,15.5,1,0,0,1.1,1.1,0.09,+0.9,+0.9
284,Konstantinos Mavropanos,GRE,DF,West Ham,27-006,1997,10.6,0,12,2,16.7,1.13,0.19,0.00,0.00,15.4,0,0,0,0.9,0.9,0.08,-0.9,-0.9
285,Noussair Mazraoui,MAR,DF,Manchester Utd,27-033,1997,12.9,0,5,2,40.0,0.39,0.16,0.00,0.00,20.0,0,0,0,0.2,0.2,0.04,-0.2,-0.2
286,Bryan Mbeumo,CMR,FW,Brentford,25-132,1999,15.9,10,25,13,52.0,1.57,0.82,0.32,0.62,18.7,2,2,2,4.8,3.2,0.13,+5.2,+4.8
287,James Mcatee,ENG,"FW,MF",Manchester City,22-060,2002,0.0,0,0,0,0,0.00,0.00,0,0,0,0,0,0,0.0,0.0,0,0.0,0.0
288,Kasey McAteer,IRL,"FW,MF",Leicester City,23-025,2001,3.7,0,6,2,33.3,1.62,0.54,0.00,0.00,15.8,0,0,0,0.6,0.6,0.09,-0.6,-0.6
289,Alex McCarthy,ENG,GK,Southampton,35-014,1989,4.0,0,0,0,0,0.00,0.00,0,0,0,0,0,0,0.0,0.0,0,0.0,0.0
290,John McGinn,SCO,"FW,MF",Aston Villa,30-060,1994,10.9,0,19,2,10.5,1.75,0.18,0.00,0.00,16.6,0,0,0,1.8,1.8,0.10,-1.8,-1.8
291,Dwight McNeil,ENG,"MF,FW",Everton,25-025,1999,12.7,3,23,8,34.8,1.82,0.63,0.13,0.38,22.0,0,0,0,0.9,0.9,0.04,+2.1,+2.1
292,Scott McTominay,SCO,MF,Manchester Utd,28-009,1996,0.2,0,1,0,0.0,4.74,0.00,0.00,0,10.7,0,0,0,0.1,0.1,0.07,-0.1,-0.1
293,Ben Mee,ENG,"DF,MF",Brentford,35-087,1989,0.1,0,0,0,0,0.00,0.00,0,0,0,0,0,0,0.0,0.0,0,0.0,0.0
294,Jayden Meghoma,ENG,DF,Brentford,18-172,2006,0.1,0,0,0,0,0.00,0.00,0,0,0,0,0,0,0.0,0.0,0,0.0,0.0
295,Mikel Merino,ESP,MF,Arsenal,28-178,1996,5.3,1,9,3,33.3,1.71,0.57,0.11,0.33,12.3,0,0,0,1.3,1.3,0.14,-0.3,-0.3
296,Nikola Milenković,SRB,DF,Nott'ham Forest,27-066,1997,15.0,2,16,3,18.8,1.07,0.20,0.13,0.67,14.3,0,0,0,2.5,2.5,0.16,-0.5,-0.5
297,James Milner,ENG,MF,Brighton,38-348,1986,1.9,0,2,0,0.0,1.07,0.00,0.00,0,16.0,0,0,0,0.2,0.2,0.08,-0.2,-0.2
298,Tyrone Mings,ENG,DF,Aston Villa,31-279,1993,1.0,0,2,0,0.0,2.00,0.00,0.00,0,7.4,0,0,0,0.2,0.2,0.08,-0.2,-0.2
299,Yankuba Minteh,GAM,"FW,MF",Brighton,20-148,2004,5.7,2,9,3,33.3,1.58,0.53,0.22,0.67,14.7,0,0,0,1.2,1.2,0.14,+0.8,+0.8
300,Tyrick Mitchell,ENG,DF,Crystal Palace,25-107,1999,15.4,0,5,1,20.0,0.33,0.07,0.00,0.00,12.9,0,0,0,0.3,0.3,0.07,-0.3,-0.3
301,Kaoru Mitoma,JPN,"FW,MF",Brighton,27-211,1997,15.1,3,30,12,40.0,1.98,0.79,0.10,0.25,14.3,0,0,0,3.9,3.9,0.13,-0.9,-0.9
302,Jakub Moder,POL,MF,Brighton,25-254,1999,0.1,0,0,0,0,0.00,0.00,0,0,0,0,0,0,0.0,0.0,0,0.0,0.0
303,Mikey Moore,ENG,FW,Tottenham,17-128,2007,0.9,0,1,0,0.0,1.06,0.00,0.00,0,23.4,0,0,0,0.0,0.0,0.04,0.0,0.0
304,Morato,BRA,DF,Nott'ham Forest,23-170,2001,1.9,0,0,0,0,0.00,0.00,0,0,0,0,0,0,0.0,0.0,0,0.0,0.0
305,Álex Moreno,ESP,DF,Nott'ham Forest,31-192,1993,8.8,0,6,0,0.0,0.69,0.00,0.00,0,23.7,0,0,0,0.2,0.2,0.03,-0.2,-0.2
306,Sam Morsy,EGY,MF,Ipswich Town,33-098,1991,14.9,1,7,1,14.3,0.47,0.07,0.14,1.00,25.4,0,0,0,0.3,0.3,0.04,+0.7,+0.7
307,Yerson Mosquera,COL,DF,Wolves,23-229,2001,4.9,0,2,0,0.0,0.41,0.00,0.00,0,12.4,0,0,0,0.3,0.3,0.17,-0.3,-0.3
308,Mason Mount,ENG,"MF,FW",Manchester Utd,25-342,1999,2.7,0,3,2,66.7,1.09,0.73,0.00,0.00,17.3,0,0,0,0.4,0.4,0.13,-0.4,-0.4
309,Mykhailo Mudryk,UKR,FW,Chelsea,23-347,2001,1.7,0,1,1,100.0,0.60,0.60,0.00,0.00,11.6,0,0,0,0.3,0.3,0.25,-0.3,-0.3
310,Rodrigo Muniz,BRA,FW,Fulham,23-227,2001,5.2,2,17,7,41.2,3.24,1.33,0.12,0.29,12.1,0,0,0,1.9,1.9,0.11,+0.1,+0.1
311,Daniel Muñoz,COL,DF,Crystal Palace,28-205,1996,15.0,2,17,6,35.3,1.13,0.40,0.12,0.33,12.2,0,0,0,2.7,2.7,0.16,-0.7,-0.7
312,Arijanet Muric,KVX,GK,Ipswich Town,26-040,1998,15.0,0,0,0,0,0.00,0.00,0,0,0,0,0,0,0.0,0.0,0,0.0,0.0
313,Murillo,BRA,DF,Nott'ham Forest,22-166,2002,15.7,1,14,4,28.6,0.89,0.25,0.07,0.25,20.0,2,0,0,1.0,1.0,0.07,0.0,0.0
314,Jacob Murphy,ENG,FW,Newcastle Utd,29-297,1995,7.9,2,16,5,31.3,2.02,0.63,0.13,0.40,18.2,0,0,0,1.7,1.7,0.11,+0.3,+0.3
315,Vitaliy Mykolenko,UKR,DF,Everton,25-202,1999,12.3,0,9,0,0.0,0.73,0.00,0.00,0,19.9,0,0,0,0.3,0.3,0.03,-0.3,-0.3
316,Iliman Ndiaye,SEN,FW,Everton,24-286,2000,13.0,2,16,7,43.8,1.23,0.54,0.13,0.29,16.6,0,0,0,1.1,1.1,0.07,+0.9,+0.9
317,Wilfred Ndidi,NGA,MF,Leicester City,28-001,1996,13.5,0,12,6,50.0,0.89,0.44,0.00,0.00,13.6,0,0,0,1.4,1.4,0.12,-1.4,-1.4
318,Kosta Nedeljković,SRB,DF,Aston Villa,19-001,2005,1.1,0,0,0,0,0.00,0.00,0,0,0,0,0,0,0.0,0.0,0,0.0,0.0
319,Reiss Nelson,ENG,FW,Arsenal,25-007,1999,0.0,0,0,0,0,0.00,0.00,0,0,0,0,0,0,0.0,0.0,0,0.0,0.0
320,Reiss Nelson,ENG,FW,Fulham,25-007,1999,5.4,1,12,6,50.0,2.22,1.11,0.08,0.17,15.4,0,0,0,1.1,1.1,0.09,-0.1,-0.1
321,Neto,BRA,GK,Bournemouth,35-151,1989,2.0,0,0,0,0,0.00,0.00,0,0,0,0,0,0,0.0,0.0,0,0.0,0.0
322,Pedro Neto,POR,FW,Chelsea,24-283,2000,8.1,1,15,5,33.3,1.84,0.61,0.07,0.20,20.1,0,0,0,0.5,0.5,0.04,+0.5,+0.5
323,Eddie Nketiah,ENG,"MF,FW",Crystal Palace,25-201,1999,6.1,0,20,6,30.0,3.28,0.98,0.00,0.00,16.9,0,0,0,1.4,1.4,0.07,-1.4,-1.4
324,Christopher Nkunku,FRA,FW,Chelsea,27-033,1997,3.4,2,13,4,30.8,3.84,1.18,0.15,0.50,12.2,0,0,0,3.0,3.0,0.23,-1.0,-1.0
325,Matheus Nunes,POR,"MF,FW",Manchester City,26-112,1998,5.9,0,4,0,0.0,0.68,0.00,0.00,0,19.1,0,0,0,0.2,0.2,0.04,-0.2,-0.2
326,Darwin Núñez,URU,FW,Liverpool,25-176,1999,7.2,2,17,7,41.2,2.37,0.98,0.12,0.29,15.4,0,0,0,2.2,2.2,0.13,-0.2,-0.2
327,Ethan Nwaneri,ENG,"MF,FW",Arsenal,17-271,2007,1.2,1,4,2,50.0,3.21,1.61,0.25,0.50,20.8,0,0,0,0.2,0.2,0.04,+0.8,+0.8
328,Christian Nørgaard,DEN,MF,Brentford,30-282,1994,11.8,1,15,5,33.3,1.27,0.42,0.07,0.20,16.7,0,0,0,1.7,1.7,0.12,-0.7,-0.7
329,Jake O'Brien,IRL,DF,Everton,23-216,2001,0.4,0,0,0,0,0.00,0.00,0,0,0,0,0,0,0.0,0.0,0,0.0,0.0
330,Matt O'Riley,DEN,MF,Brighton,24-026,2000,2.5,1,5,2,40.0,2.04,0.81,0.20,0.50,15.1,0,0,0,0.7,0.7,0.14,+0.3,+0.3
331,Dara O'Shea,IRL,DF,Ipswich Town,25-288,1999,12.7,0,10,1,10.0,0.79,0.08,0.00,0.00,12.0,0,0,0,0.6,0.6,0.06,-0.6,-0.6
332,Wilson Odobert,FRA,FW,Tottenham,20-019,2004,1.8,0,6,0,0.0,3.33,0.00,0.00,0,16.8,0,0,0,0.4,0.4,0.07,-0.4,-0.4
333,Chiedozie Ogbene,IRL,FW,Ipswich Town,27-230,1997,2.6,0,0,0,0,0.00,0.00,0,0,0,0,0,0,0.0,0.0,0,0.0,0.0
334,Caleb Okoli,ITA,DF,Leicester City,23-157,2001,8.7,0,3,1,33.3,0.34,0.11,0.00,0.00,16.4,0,0,0,0.1,0.1,0.05,-0.1,-0.1
335,Robin Olsen,SWE,GK,Aston Villa,34-344,1990,0.5,0,0,0,0,0.00,0.00,0,0,0,0,0,0,0.0,0.0,0,0.0,0.0
336,Amadou Onana,BEL,MF,Aston Villa,23-123,2001,8.0,2,11,4,36.4,1.37,0.50,0.18,0.50,11.6,0,0,0,1.6,1.6,0.14,+0.4,+0.4
337,André Onana,CMR,GK,Manchester Utd,28-259,1996,16.0,0,0,0,0,0.00,0.00,0,0,0,0,0,0,0.0,0.0,0,0.0,0.0
338,Paul Onuachu,NGA,FW,Southampton,30-203,1994,1.3,0,3,1,33.3,2.37,0.79,0.00,0.00,11.4,0,0,0,0.1,0.1,0.02,-0.1,-0.1
339,Frank Onyeka,NGA,MF,Brentford,26-351,1998,0.3,0,0,0,0,0.00,0.00,0,0,0,0,0,0,0.0,0.0,0,0.0,0.0
340,Stefan Ortega,GER,GK,Manchester City,32-041,1992,3.0,0,0,0,0,0.00,0.00,0,0,0,0,0,0,0.0,0.0,0,0.0,0.0
341,William Osula,DEN,"FW,MF",Newcastle Utd,21-135,2003,0.3,0,0,0,0,0.00,0.00,0,0,0,0,0,0,0.0,0.0,0,0.0,0.0
342,Dango Ouattara,BFA,"FW,DF",Bournemouth,22-310,2002,6.8,2,19,5,26.3,2.79,0.74,0.11,0.40,12.8,0,0,0,3.3,3.3,0.17,-1.3,-1.3
343,Cole Palmer,ENG,MF,Chelsea,22-225,2002,15.4,11,54,21,38.9,3.50,1.36,0.15,0.38,19.5,7,3,3,10.3,7.9,0.15,+0.7,+0.1
344,Emerson Palmieri,ITA,DF,West Ham,30-136,1994,12.3,1,8,4,50.0,0.65,0.33,0.13,0.25,20.3,2,0,0,1.1,1.1,0.14,-0.1,-0.1
345,Lucas Paquetá,BRA,MF,West Ham,27-112,1997,12.5,3,19,2,10.5,1.52,0.16,0.05,0.50,20.3,1,2,2,3.4,1.8,0.10,-0.4,-0.8
346,Thomas Partey,GHA,"MF,DF",Arsenal,31-187,1993,13.5,2,12,4,33.3,0.89,0.30,0.17,0.50,17.6,0,0,0,1.2,1.2,0.10,+0.8,+0.8
347,Nathan Patterson,SCO,DF,Everton,23-062,2001,0.2,0,0,0,0,0.00,0.00,0,0,0,0,0,0,0.0,0.0,0,0.0,0.0
348,Andreas Pereira,BRA,MF,Fulham,28-351,1996,11.2,2,21,7,33.3,1.87,0.62,0.10,0.29,21.6,3,0,1,2.8,2.0,0.10,-0.8,0.0
349,Ricardo Pereira,POR,DF,Leicester City,31-072,1993,1.6,0,0,0,0,0.00,0.00,0,0,0,0,0,0,0.0,0.0,0,0.0,0.0
350,Kalvin Phillips,ENG,MF,Ipswich Town,29-015,1995,6.0,0,6,1,16.7,1.01,0.17,0.00,0.00,22.2,2,0,0,0.3,0.3,0.05,-0.3,-0.3
351,Jaden Philogene Bidace,ENG,"FW,MF",Aston Villa,22-313,2002,3.7,0,7,0,0.0,1.90,0.00,0.00,0,16.0,0,0,0,0.5,0.5,0.07,-0.5,-0.5
352,Jordan Pickford,ENG,GK,Everton,30-285,1994,15.0,0,0,0,0,0.00,0.00,0,0,0,0,0,0,0.0,0.0,0,0.0,0.0
353,Ethan Pinnock,JAM,DF,Brentford,31-202,1993,16.0,2,9,6,66.7,0.56,0.37,0.22,0.33,11.2,0,0,0,0.9,0.9,0.10,+1.1,+1.1
354,Daniel Podence,POR,"MF,FW",Wolves,29-057,1995,0.5,0,1,0,0.0,1.87,0.00,0.00,0,24.4,0,0,0,0.0,0.0,0.04,0.0,0.0
355,Alfie Pond,ENG,DF,Wolves,20-291,2004,0.0,0,0,0,0,0.00,0.00,0,0,0,0,0,0,0.0,0.0,0,0.0,0.0
356,Nick Pope,ENG,GK,Newcastle Utd,32-242,1992,15.0,0,0,0,0,0.00,0.00,0,0,0,0,0,0,0.0,0.0,0,0.0,0.0
357,Pedro Porro,ESP,DF,Tottenham,25-095,1999,15.0,2,25,6,24.0,1.67,0.40,0.08,0.33,22.9,2,0,0,1.2,1.2,0.05,+0.8,+0.8
358,Jarell Quansah,ENG,DF,Liverpool,21-323,2003,1.9,0,0,0,0,0.00,0.00,0,0,0,0,0,0,0.0,0.0,0,0.0,0.0
359,Aaron Ramsdale,ENG,GK,Southampton,26-217,1998,9.0,0,0,0,0,0.00,0.00,0,0,0,0,0,0,0.0,0.0,0,0.0,0.0
360,Jacob Ramsey,ENG,"FW,MF",Aston Villa,23-203,2001,7.0,0,10,3,30.0,1.42,0.43,0.00,0.00,17.9,0,0,0,0.7,0.7,0.07,-0.7,-0.7
361,Marcus Rashford,ENG,"FW,MF",Manchester Utd,27-047,1997,10.9,4,16,9,56.3,1.47,0.83,0.25,0.44,16.4,0,0,0,1.7,1.7,0.11,+2.3,+2.3
362,David Raya,ESP,GK,Arsenal,29-093,1995,16.0,0,0,0,0,0.00,0.00,0,0,0,0,0,0,0.0,0.0,0,0.0,0.0
363,Harrison Reed,ENG,MF,Fulham,29-325,1995,0.7,0,1,0,0.0,1.48,0.00,0.00,0,28.5,0,0,0,0.0,0.0,0.01,0.0,0.0
364,Bobby Reid,JAM,"FW,MF",Leicester City,31-319,1993,2.7,1,5,2,40.0,1.87,0.75,0.20,0.50,25.6,0,0,0,0.7,0.7,0.14,+0.3,+0.3
365,Chadi Riad,MAR,DF,Crystal Palace,21-183,2003,1.0,0,0,0,0,0.00,0.00,0,0,0,0,0,0,0.0,0.0,0,0.0,0.0
366,Declan Rice,ENG,MF,Arsenal,25-338,1999,12.9,0,16,3,18.8,1.24,0.23,0.00,0.00,20.7,0,0,0,1.0,1.0,0.06,-1.0,-1.0
367,Chris Richards,USA,DF,Crystal Palace,24-264,2000,3.9,0,1,0,0.0,0.25,0.00,0.00,0,8.0,0,0,0,0.1,0.1,0.12,-0.1,-0.1
368,Richarlison,BRA,FW,Tottenham,27-221,1997,1.0,0,1,0,0.0,1.00,0.00,0.00,0,4.8,0,0,0,0.2,0.2,0.19,-0.2,-0.2
369,Andrew Robertson,SCO,DF,Liverpool,30-281,1994,11.6,0,4,2,50.0,0.35,0.17,0.00,0.00,12.9,0,0,0,0.5,0.5,0.12,-0.5,-0.5
370,Antonee Robinson,USA,DF,Fulham,27-131,1997,16.0,0,9,1,11.1,0.56,0.06,0.00,0.00,23.9,0,0,0,0.3,0.3,0.03,-0.3,-0.3
371,Rodri,ESP,MF,Manchester City,28-178,1996,0.7,0,0,0,0,0.00,0.00,0,0,0,0,0,0,0.0,0.0,0,0.0,0.0
372,Guido Rodríguez,ARG,MF,West Ham,30-249,1994,9.1,0,7,1,14.3,0.77,0.11,0.00,0.00,28.7,0,0,0,0.1,0.1,0.02,-0.1,-0.1
373,Mads Roerslev,DEN,DF,Brentford,25-176,1999,6.0,0,1,0,0.0,0.17,0.00,0.00,0,30.1,0,0,0,0.0,0.0,0.00,0.0,0.0
374,Morgan Rogers,ENG,"MF,FW",Aston Villa,22-144,2002,14.6,4,28,8,28.6,1.92,0.55,0.14,0.50,17.3,0,0,0,3.2,3.2,0.11,+0.8,+0.8
375,Cristian Romero,ARG,DF,Tottenham,26-234,1998,10.8,1,11,4,36.4,1.02,0.37,0.09,0.25,9.4,0,0,0,1.1,1.1,0.10,-0.1,-0.1
376,Georginio Rutter,FRA,"FW,MF",Brighton,22-241,2002,10.3,2,32,6,18.8,3.12,0.58,0.06,0.33,15.5,0,0,0,2.6,2.6,0.08,-0.6,-0.6
377,José Sá,POR,GK,Wolves,31-335,1993,9.0,0,0,0,0,0.00,0.00,0,0,0,0,0,0,0.0,0.0,0,0.0,0.0
378,Bukayo Saka,ENG,"FW,MF",Arsenal,23-103,2001,13.8,5,45,17,37.8,3.25,1.23,0.09,0.24,15.9,0,1,1,4.2,3.4,0.08,+0.8,+0.6
379,Mohamed Salah,EGY,FW,Liverpool,32-185,1992,14.6,13,47,23,48.9,3.21,1.57,0.19,0.39,15.1,0,4,4,10.6,7.5,0.16,+2.4,+1.5
380,William Saliba,FRA,DF,Arsenal,23-268,2001,14.3,2,3,2,66.7,0.21,0.14,0.67,1.00,2.5,0,0,0,1.9,1.9,0.63,+0.1,+0.1
381,Robert Sánchez,ESP,GK,Chelsea,27-029,1997,15.0,0,0,0,0,0.00,0.00,0,0,0,0,0,0,0.0,0.0,0,0.0,0.0
382,Jadon Sancho,ENG,FW,Chelsea,24-267,2000,6.4,2,8,3,37.5,1.24,0.47,0.25,0.67,13.4,0,0,0,0.7,0.7,0.09,+1.3,+1.3
383,Ibrahim Sangaré,CIV,MF,Nott'ham Forest,27-015,1997,2.4,0,1,1,100.0,0.42,0.42,0.00,0.00,32.0,0,0,0,0.0,0.0,0.02,0.0,0.0
384,Pablo Sarabia,ESP,"MF,FW",Wolves,32-220,1992,2.0,1,4,4,100.0,1.99,1.99,0.25,0.25,19.1,0,0,0,1.4,1.4,0.36,-0.4,-0.4
385,Jeremy Sarmiento,ECU,MF,Brighton,22-184,2002,0.1,0,0,0,0,0.00,0.00,0,0,0,0,0,0,0.0,0.0,0,0.0,0.0
386,Ismaila Sarr,SEN,"MF,FW",Crystal Palace,26-296,1998,10.2,3,23,14,60.9,2.26,1.38,0.13,0.21,12.9,0,0,0,3.0,3.0,0.13,0.0,0.0
387,Sávio,BRA,"FW,MF",Manchester City,20-251,2004,7.9,0,20,7,35.0,2.52,0.88,0.00,0.00,19.6,1,0,0,2.1,2.1,0.10,-2.1,-2.1
388,Oliver Scarles,ENG,DF,West Ham,19-005,2005,0.2,0,0,0,0,0.00,0.00,0,0,0,0,0,0,0.0,0.0,0,0.0,0.0
389,Kevin Schade,GER,"FW,MF",Brentford,23-020,2001,7.5,4,19,9,47.4,2.52,1.19,0.21,0.44,11.3,0,0,0,3.5,3.5,0.18,+0.5,+0.5
390,Fabian Schär,SUI,DF,Newcastle Utd,32-363,1991,13.3,2,14,2,14.3,1.05,0.15,0.14,1.00,19.7,2,0,0,1.1,1.1,0.08,+0.9,+0.9
391,Jeffrey Schlupp,GHA,"MF,DF",Crystal Palace,31-360,1992,1.0,0,3,2,66.7,2.93,1.96,0.00,0.00,16.2,0,0,0,0.1,0.1,0.04,-0.1,-0.1
392,Alex Scott,ENG,MF,Bournemouth,21-118,2003,2.9,0,3,1,33.3,1.03,0.34,0.00,0.00,24.0,0,0,0,0.1,0.1,0.05,-0.1,-0.1
393,Matz Sels,BEL,GK,Nott'ham Forest,32-295,1992,16.0,0,0,0,0,0.00,0.00,0,0,0,0,0,0,0.0,0.0,0,0.0,0.0
394,Nélson Semedo,POR,DF,Wolves,31-031,1993,12.7,0,7,3,42.9,0.55,0.24,0.00,0.00,24.2,0,0,0,0.4,0.4,0.05,-0.4,-0.4
395,Antoine Semenyo,GHA,FW,Bournemouth,24-345,2000,14.4,4,63,15,23.8,4.37,1.04,0.06,0.27,17.5,0,0,0,4.8,4.8,0.08,-0.8,-0.8
396,Marcos Senesi,ARG,DF,Bournemouth,27-221,1997,10.2,0,2,0,0.0,0.20,0.00,0.00,0,6.0,0,0,0,0.8,0.8,0.40,-0.8,-0.8
397,Ryan Sessegnon,ENG,MF,Fulham,24-213,2000,0.1,0,0,0,0,0.00,0.00,0,0,0,0,0,0,0.0,0.0,0,0.0,0.0
398,Luke Shaw,ENG,DF,Manchester Utd,29-158,1995,0.8,0,0,0,0,0.00,0.00,0,0,0,0,0,0,0.0,0.0,0,0.0,0.0
399,Bernardo Silva,POR,"MF,FW",Manchester City,30-129,1994,14.3,1,21,7,33.3,1.47,0.49,0.05,0.14,11.6,0,0,0,2.4,2.4,0.12,-1.4,-1.4
400,Jota Silva,POR,"FW,MF",Nott'ham Forest,25-138,1999,5.6,0,9,2,22.2,1.61,0.36,0.00,0.00,16.0,0,0,0,0.5,0.5,0.06,-0.5,-0.5
401,Eric da Silva Moreira,GER,"MF,DF",Nott'ham Forest,18-228,2006,0.3,0,0,0,0,0.00,0.00,0,0,0,0,0,0,0.0,0.0,0,0.0,0.0
402,Jahmai Simpson-Pusey,ENG,DF,Manchester City,19-043,2005,1.0,0,0,0,0,0.00,0.00,0,0,0,0,0,0,0.0,0.0,0,0.0,0.0
403,Luis Sinisterra,COL,"FW,MF",Bournemouth,25-183,1999,2.3,1,12,6,50.0,5.19,2.60,0.08,0.17,15.7,0,0,0,1.1,1.1,0.09,-0.1,-0.1
404,Oliver Skipp,ENG,MF,Leicester City,24-092,2000,7.1,0,2,1,50.0,0.28,0.14,0.00,0.00,21.6,0,0,0,0.1,0.1,0.03,-0.1,-0.1
405,William Smallbone,IRL,MF,Southampton,24-300,2000,2.7,0,4,0,0.0,1.49,0.00,0.00,0,19.3,1,0,0,0.3,0.3,0.08,-0.3,-0.3
406,Adam Smith,ENG,DF,Bournemouth,33-232,1991,11.0,0,1,0,0.0,0.09,0.00,0.00,0,10.2,0,0,0,0.6,0.6,0.60,-0.6,-0.6
407,Emile Smith Rowe,ENG,MF,Fulham,24-142,2000,12.1,3,18,4,22.2,1.49,0.33,0.17,0.75,15.3,0,0,0,2.2,2.2,0.12,+0.8,+0.8
408,Dominic Solanke,ENG,FW,Tottenham,27-094,1997,12.8,5,32,16,50.0,2.51,1.25,0.16,0.31,11.9,0,0,0,7.0,7.0,0.22,-2.0,-2.0
409,Carlos Soler,ESP,MF,West Ham,27-350,1997,6.7,0,16,4,25.0,2.37,0.59,0.00,0.00,21.0,1,0,0,0.7,0.7,0.05,-0.7,-0.7
410,Ramón Sosa,PAR,"FW,MF",Nott'ham Forest,25-108,1999,1.7,1,6,2,33.3,3.60,1.20,0.17,0.50,19.7,0,0,0,0.7,0.7,0.12,+0.3,+0.3
411,Tomáš Souček,CZE,MF,West Ham,29-294,1995,11.9,4,30,7,23.3,2.51,0.59,0.13,0.57,11.5,0,0,0,2.7,2.7,0.10,+1.3,+1.3
412,Boubakary Soumaré,FRA,MF,Leicester City,25-294,1999,5.3,0,2,0,0.0,0.38,0.00,0.00,0,21.2,0,0,0,0.1,0.1,0.04,-0.1,-0.1
413,Djed Spence,ENG,DF,Tottenham,24-130,2000,1.6,0,1,0,0.0,0.64,0.00,0.00,0,15.6,0,0,0,0.1,0.1,0.06,-0.1,-0.1
414,Jay Stansfield,ENG,MF,Fulham,22-023,2002,0.0,0,0,0,0,0.00,0.00,0,0,0,0,0,0,0.0,0.0,0,0.0,0.0
415,Jason Steele,ENG,GK,Brighton,34-121,1990,2.0,0,0,0,0,0.00,0.00,0,0,0,0,0,0,0.0,0.0,0,0.0,0.0
416,Jack Stephens,ENG,DF,Southampton,30-325,1994,8.8,0,2,0,0.0,0.23,0.00,0.00,0,7.9,0,0,0,0.3,0.3,0.14,-0.3,-0.3
417,Raheem Sterling,ENG,"MF,FW",Arsenal,30-009,1994,1.6,0,4,0,0.0,2.43,0.00,0.00,0,14.2,1,0,0,0.5,0.5,0.13,-0.5,-0.5
418,Ross Stewart,SCO,"FW,MF",Southampton,28-159,1996,1.5,0,2,0,0.0,1.36,0.00,0.00,0,12.5,0,0,0,0.1,0.1,0.06,-0.1,-0.1
419,John Stones,ENG,"DF,MF",Manchester City,30-203,1994,3.2,2,2,2,100.0,0.63,0.63,1.00,1.00,5.1,0,0,0,0.4,0.4,0.22,+1.6,+1.6
420,Jørgen Strand Larsen,NOR,FW,Wolves,24-315,2000,14.6,6,26,16,61.5,1.78,1.10,0.23,0.38,12.1,0,0,0,4.1,4.1,0.16,+1.9,+1.9
421,Yukinari Sugawara,JPN,DF,Southampton,24-172,2000,8.8,1,7,2,28.6,0.79,0.23,0.14,0.50,19.3,1,0,0,0.3,0.3,0.04,+0.7,+0.7
422,Kamaldeen Sulemana,GHA,"FW,MF",Southampton,22-306,2002,0.7,0,1,0,0.0,1.41,0.00,0.00,0,14.1,0,0,0,0.0,0.0,0.02,0.0,0.0
423,Crysencio Summerville,NED,"FW,MF",West Ham,23-048,2001,6.7,1,9,3,33.3,1.33,0.44,0.11,0.33,13.2,0,0,0,1.3,1.3,0.14,-0.3,-0.3
424,Sammie Szmodics,IRL,FW,Ipswich Town,29-084,1995,8.3,3,17,10,58.8,2.05,1.21,0.18,0.30,13.9,0,0,0,2.9,2.9,0.17,+0.1,+0.1
425,Dominik Szoboszlai,HUN,MF,Liverpool,24-053,2000,11.4,1,20,7,35.0,1.75,0.61,0.05,0.14,20.7,1,0,0,1.9,1.9,0.10,-0.9,-0.9
426,James Tarkowski,ENG,DF,Everton,32-028,1992,14.9,0,9,2,22.2,0.60,0.13,0.00,0.00,8.3,0,0,0,0.7,0.7,0.08,-0.7,-0.7
427,Marcus Tavernier,ENG,"FW,MF",Bournemouth,25-270,1999,12.7,1,32,9,28.1,2.53,0.71,0.03,0.11,19.9,2,0,0,4.1,4.1,0.13,-3.1,-3.1
428,Charlie Taylor,ENG,DF,Southampton,31-090,1993,2.5,0,0,0,0,0.00,0.00,0,0,0,0,0,0,0.0,0.0,0,0.0,0.0
429,Jack Taylor,IRL,MF,Ipswich Town,26-177,1998,3.4,1,11,4,36.4,3.22,1.17,0.09,0.25,23.2,0,0,0,0.5,0.5,0.05,+0.5,+0.5
430,Kenny Tete,NED,DF,Fulham,29-069,1995,14.0,0,18,2,11.1,1.28,0.14,0.00,0.00,16.4,0,0,0,1.0,1.0,0.06,-1.0,-1.0
431,Thiago,BRA,FW,Brentford,23-174,2001,1.5,0,1,0,0.0,0.68,0.00,0.00,0,14.7,0,0,0,0.1,0.1,0.10,-0.1,-0.1
432,Luke Thomas,ENG,DF,Leicester City,23-190,2001,1.0,0,1,0,0.0,1.00,0.00,0.00,0,21.5,0,0,0,0.0,0.0,0.02,0.0,0.0
433,Youri Tielemans,BEL,MF,Aston Villa,27-224,1997,15.3,0,10,2,20.0,0.66,0.13,0.00,0.00,24.6,0,0,1,1.4,0.6,0.06,-1.4,-0.6
434,Jurriën Timber,NED,DF,Arsenal,23-183,2001,12.6,1,10,2,20.0,0.80,0.16,0.10,0.50,15.0,0,0,0,0.7,0.7,0.07,+0.3,+0.3
435,Jean-Clair Todibo,FRA,DF,West Ham,24-353,1999,7.2,0,2,0,0.0,0.28,0.00,0.00,0,12.6,0,0,0,0.1,0.1,0.05,-0.1,-0.1
436,Harry Toffolo,ENG,DF,Nott'ham Forest,29-120,1995,0.4,0,1,0,0.0,2.43,0.00,0.00,0,28.5,0,0,0,0.0,0.0,0.02,0.0,0.0
437,Takehiro Tomiyasu,JPN,DF,Arsenal,26-042,1998,0.1,0,1,0,0.0,12.86,0.00,0.00,0,1.2,0,0,0,0.2,0.2,0.18,-0.2,-0.2
438,Sandro Tonali,ITA,MF,Newcastle Utd,24-223,2000,8.2,0,11,4,36.4,1.34,0.49,0.00,0.00,15.7,2,0,0,1.2,1.2,0.11,-1.2,-1.2
439,Pau Torres,ESP,DF,Aston Villa,27-336,1997,15.0,0,5,1,20.0,0.33,0.07,0.00,0.00,10.4,0,0,0,0.3,0.3,0.06,-0.3,-0.3
440,Conor Townsend,ENG,MF,Ipswich Town,31-288,1993,0.0,0,0,0,0,0.00,0.00,0,0,0,0,0,0,0.0,0.0,0,0.0,0.0
441,Adama Traoré,ESP,"FW,MF",Fulham,28-327,1996,9.1,1,22,8,36.4,2.41,0.88,0.05,0.13,14.9,0,0,0,2.8,2.8,0.13,-1.8,-1.8
442,Mark Travers,IRL,GK,Bournemouth,25-213,1999,3.0,0,0,0,0,0.00,0.00,0,0,0,0,0,0,0.0,0.0,0,0.0,0.0
443,Ryan Trevitt,ENG,MF,Brentford,21-280,2003,0.0,0,0,0,0,0.00,0.00,0,0,0,0,0,0,0.0,0.0,0,0.0,0.0
444,Kieran Trippier,ENG,DF,Newcastle Utd,34-089,1990,3.6,0,1,0,0.0,0.28,0.00,0.00,0,17.0,0,0,0,0.0,0.0,0.03,0.0,0.0
445,Leandro Trossard,BEL,FW,Arsenal,30-013,1994,9.4,3,21,8,38.1,2.22,0.85,0.14,0.38,15.8,0,0,0,2.9,2.9,0.14,+0.1,+0.1
446,Kostas Tsimikas,GRE,DF,Liverpool,28-219,1996,2.6,0,2,1,50.0,0.78,0.39,0.00,0.00,19.9,0,0,0,0.1,0.1,0.04,-0.1,-0.1
447,Axel Tuanzebe,COD,DF,Ipswich Town,27-033,1997,8.6,0,3,0,0.0,0.35,0.00,0.00,0,11.5,0,0,0,0.2,0.2,0.06,-0.2,-0.2
448,Destiny Udogie,ITA,DF,Tottenham,22-019,2002,14.5,0,5,1,20.0,0.35,0.07,0.00,0.00,15.1,0,0,0,0.3,0.3,0.06,-0.3,-0.3
449,Manuel Ugarte Ribeiro,URU,MF,Manchester Utd,23-250,2001,6.6,0,2,0,0.0,0.30,0.00,0.00,0,27.1,0,0,0,0.0,0.0,0.02,0.0,0.0
450,Lesley Ugochukwu,FRA,MF,Southampton,20-266,2004,2.3,0,1,0,0.0,0.43,0.00,0.00,0,7.4,0,0,0,0.2,0.2,0.21,-0.2,-0.2
451,Enes Ünal,TUR,"FW,MF",Bournemouth,27-221,1997,2.5,2,16,6,37.5,6.40,2.40,0.13,0.33,14.5,2,0,0,2.2,2.2,0.14,-0.2,-0.2
452,Virgil van Dijk,NED,DF,Liverpool,33-162,1991,15.0,1,10,3,30.0,0.67,0.20,0.10,0.33,13.7,1,0,0,0.9,0.9,0.09,+0.1,+0.1
453,Jamie Vardy,ENG,FW,Leicester City,37-341,1987,13.2,6,18,7,38.9,1.36,0.53,0.28,0.71,12.4,0,1,1,4.7,3.9,0.22,+1.3,+1.1
454,Renato Veiga,POR,"DF,MF",Chelsea,21-141,2003,2.0,0,3,1,33.3,1.49,0.50,0.00,0.00,17.1,0,0,0,0.2,0.2,0.05,-0.2,-0.2
455,Joël Veltman,NED,DF,Brighton,32-337,1992,10.6,0,2,0,0.0,0.19,0.00,0.00,0,22.3,0,0,0,0.1,0.1,0.03,-0.1,-0.1
456,Micky van de Ven,NED,DF,Tottenham,23-242,2001,8.8,0,5,1,20.0,0.57,0.11,0.00,0.00,10.8,0,0,0,0.4,0.4,0.07,-0.4,-0.4
457,Bart Verbruggen,NED,GK,Brighton,22-121,2002,14.0,0,0,0,0,0.00,0.00,0,0,0,0,0,0,0.0,0.0,0,0.0,0.0
458,Jannik Vestergaard,DEN,DF,Leicester City,32-136,1992,7.2,0,1,0,0.0,0.14,0.00,0.00,0,12.2,0,0,0,0.0,0.0,0.01,0.0,0.0
459,Guglielmo Vicario,ITA,GK,Tottenham,28-071,1996,12.0,0,0,0,0,0.00,0.00,0,0,0,0,0,0,0.0,0.0,0,0.0,0.0
460,Kyle Walker,ENG,DF,Manchester City,34-203,1990,9.7,0,5,2,40.0,0.51,0.21,0.00,0.00,27.7,0,0,0,0.1,0.1,0.03,-0.1,-0.1
461,Kyle Walker-Peters,ENG,DF,Southampton,27-248,1997,13.9,0,9,3,33.3,0.65,0.22,0.00,0.00,19.1,0,0,0,0.3,0.3,0.03,-0.3,-0.3
462,Christian Walton,ENG,GK,Ipswich Town,29-038,1995,1.0,0,0,0,0,0.00,0.00,0,0,0,0,0,0,0.0,0.0,0,0.0,0.0
463,Aaron Wan-Bissaka,ENG,DF,West Ham,27-021,1997,14.0,2,7,3,42.9,0.50,0.21,0.29,0.67,16.6,0,0,0,0.6,0.6,0.09,+1.4,+1.4
464,Danny Ward,WAL,GK,Leicester City,31-178,1993,0.5,0,0,0,0,0.00,0.00,0,0,0,0,0,0,0.0,0.0,0,0.0,0.0
465,James Ward-Prowse,ENG,MF,West Ham,30-046,1994,0.2,0,0,0,0,0.00,0.00,0,0,0,0,0,0,0.0,0.0,0,0.0,0.0
466,James Ward-Prowse,ENG,MF,Nott'ham Forest,30-046,1994,4.2,0,2,1,50.0,0.47,0.24,0.00,0.00,29.0,1,0,0,0.1,0.1,0.03,-0.1,-0.1
467,Ollie Watkins,ENG,FW,Aston Villa,28-353,1995,12.5,7,42,18,42.9,3.36,1.44,0.14,0.33,11.4,0,1,1,8.7,7.9,0.19,-1.7,-1.9
468,Adam Webster,ENG,DF,Brighton,29-348,1995,0.9,0,0,0,0,0.00,0.00,0,0,0,0,0,0,0.0,0.0,0,0.0,0.0
469,Danny Welbeck,ENG,FW,Brighton,34-021,1990,12.4,6,35,13,37.1,2.83,1.05,0.17,0.46,15.8,7,0,0,5.6,5.6,0.16,+0.4,+0.4
470,Timo Werner,GER,"FW,MF",Tottenham,28-286,1996,4.4,0,8,3,37.5,1.80,0.68,0.00,0.00,18.2,0,0,0,1.0,1.0,0.12,-1.0,-1.0
471,Adam Wharton,ENG,MF,Crystal Palace,20-198,2004,6.9,0,9,5,55.6,1.30,0.72,0.00,0.00,25.6,0,0,0,0.2,0.2,0.03,-0.2,-0.2
472,Ben White,ENG,DF,Arsenal,27-070,1997,7.7,0,4,1,25.0,0.52,0.13,0.00,0.00,23.6,0,0,0,0.1,0.1,0.03,-0.1,-0.1
473,Mats Wieffer,NED,MF,Brighton,25-031,1999,4.6,0,4,1,25.0,0.87,0.22,0.00,0.00,10.3,0,0,0,0.3,0.3,0.07,-0.3,-0.3
474,Neco Williams,WAL,DF,Nott'ham Forest,23-248,2001,7.2,0,14,4,28.6,1.94,0.55,0.00,0.00,20.9,1,0,0,0.7,0.7,0.05,-0.7,-0.7
475,Joe Willock,ENG,"MF,FW",Newcastle Utd,25-119,1999,5.1,0,8,1,12.5,1.56,0.19,0.00,0.00,16.3,0,0,0,0.5,0.5,0.06,-0.5,-0.5
Rk,Player,,Pos,Squad,Age,Born,90s,Gls,Sh,SoT,SoT%,Sh/90,SoT/90,G/Sh,G/SoT,Dist,FK,PK,PKatt,xG,npxG,npxG/Sh,G-xG,np:G-xG
476,Callum Wilson,ENG,"FW,MF",Newcastle Utd,32-294,1992,0.7,0,0,0,0,0.00,0.00,0,0,0,0,0,0,0.0,0.0,0,0.0,0.0
477,Harry Wilson,WAL,"FW,MF",Fulham,27-270,1997,3.7,3,10,3,30.0,2.67,0.80,0.30,1.00,14.7,1,0,0,1.5,1.5,0.15,+1.5,+1.5
478,Harry Winks,ENG,MF,Leicester City,28-319,1996,9.6,0,7,2,28.6,0.73,0.21,0.00,0.00,29.9,0,0,0,0.2,0.2,0.02,-0.2,-0.2
479,Yoane Wissa,COD,FW,Brentford,28-105,1996,10.6,9,23,14,60.9,2.16,1.32,0.39,0.64,13.5,0,0,0,6.3,6.3,0.27,+2.7,+2.7
480,Chris Wood,NZL,FW,Nott'ham Forest,33-010,1991,13.7,10,26,15,57.7,1.89,1.09,0.31,0.53,14.3,0,2,2,6.2,4.6,0.18,+3.8,+3.4
481,Nathan Wood-Gordon,ENG,DF,Southampton,22-200,2002,2.8,0,1,0,0.0,0.35,0.00,0.00,0,6.0,0,0,0,0.2,0.2,0.18,-0.2,-0.2
482,Luke Woolfenden,ENG,DF,Ipswich Town,26-057,1998,4.2,0,1,0,0.0,0.24,0.00,0.00,0,12.9,0,0,0,0.0,0.0,0.03,0.0,0.0
483,Yehor Yarmoliuk,UKR,MF,Brentford,20-291,2004,4.4,0,5,1,20.0,1.14,0.23,0.00,0.00,16.0,0,0,0,0.4,0.4,0.08,-0.4,-0.4
484,Ryan Yates,ENG,MF,Nott'ham Forest,27-026,1997,13.2,1,23,6,26.1,1.74,0.45,0.04,0.17,17.8,0,0,0,1.7,1.7,0.07,-0.7,-0.7
485,Leny Yoro,FRA,DF,Manchester Utd,19-034,2005,1.2,0,0,0,0,0.00,0.00,0,0,0,0,0,0,0.0,0.0,0,0.0,0.0
486,Ashley Young,ENG,DF,Everton,39-161,1985,12.5,1,4,2,50.0,0.32,0.16,0.25,0.50,25.8,2,0,0,0.2,0.2,0.04,+0.8,+0.8
487,Illia Zabarnyi,UKR,DF,Bournemouth,22-107,2002,16.0,0,3,0,0.0,0.19,0.00,0.00,0,7.1,0,0,0,0.4,0.4,0.14,-0.4,-0.4
488,Oleksandr Zinchenko,UKR,"DF,MF",Arsenal,28-002,1996,2.6,0,1,0,0.0,0.38,0.00,0.00,0,11.1,0,0,0,0.1,0.1,0.06,-0.1,-0.1
489,Joshua Zirkzee,NED,"FW,MF",Manchester Utd,23-209,2001,6.7,3,15,8,53.3,2.22,1.19,0.20,0.38,12.9,0,0,0,3.0,3.0,0.20,0.0,0.0
490,Martin Ødegaard,NOR,MF,Arsenal,26-000,1998,8.1,1,12,4,33.3,1.49,0.50,0.00,0.00,17.8,0,1,1,2.2,1.4,0.11,-1.2,-1.4
