,,,,,,,,SCA,SCA,SCA Types,SCA Types,SCA Types,SCA Types,SCA Types,SCA Types,GCA,GCA,GCA Types,GCA Types,GCA Types,GCA Types,GCA Types,GCA Types
Rk,Player,Nation,Pos,Squad,Age,Born,90s,SCA,SCA90,PassLive,PassDead,TO,Sh,Fld,Def,GCA,GCA90,PassLive,PassDead,TO,Sh,Fld,Def
1,Max Aarons,ENG,DF,Bournemouth,24-348,2000,0.2,2,11.25,2,0,0,0,0,0,0,0.00,0,0,0,0,0,0
2,Tyler Adams,USA,MF,Bournemouth,25-307,1999,4.1,11,2.69,8,0,0,0,0,3,0,0.00,0,0,0,0,0,0
3,Tosin Adarabioyo,ENG,DF,Chelsea,27-084,1997,3.9,6,1.53,4,0,0,2,0,0,0,0.00,0,0,0,0,0,0
4,Simon Adingra,CIV,"FW,MF",Brighton,22-351,2002,3.9,12,3.09,10,0,1,1,0,0,2,0.52,2,0,0,0,0,0
5,Asher Agbinone,ENG,MF,Crystal Palace,19-080,2005,0.1,1,15.00,1,0,0,0,0,0,0,0.00,0,0,0,0,0,0
6,Ola Aina,NGA,DF,Nott'ham Forest,28-070,1996,15.3,32,2.10,25,4,1,1,0,1,1,0.07,0,0,0,0,0,1
7,Rayan Aït-Nouri,ALG,DF,Wolves,23-194,2001,15.2,35,2.30,24,2,4,3,1,1,5,0.33,3,1,0,0,0,1
8,Kristoffer Ajer,NOR,DF,Brentford,26-244,1998,7.2,8,1.11,8,0,0,0,0,0,2,0.28,2,0,0,0,0,0
9,Manuel Akanji,SUI,DF,Manchester City,29-151,1995,11.2,21,1.88,21,0,0,0,0,0,1,0.09,1,0,0,0,0,0
10,Nathan Aké,NED,DF,Manchester City,29-303,1995,3.3,4,1.20,4,0,0,0,0,0,0,0.00,0,0,0,0,0,0
11,Carlos Alcaraz,ARG,MF,Southampton,22-017,2002,0.1,1,9.00,1,0,0,0,0,0,0,0.00,0,0,0,0,0,0
12,Trent Alexander-Arnold,ENG,DF,Liverpool,26-071,1998,11.6,37,3.20,27,9,1,0,0,0,7,0.61,6,1,0,0,0,0
13,Alisson,BRA,GK,Liverpool,32-076,1992,6.9,1,0.15,1,0,0,0,0,0,0,0.00,0,0,0,0,0,0
14,Miguel Almirón,PAR,FW,Newcastle Utd,30-311,1994,1.4,4,2.93,4,0,0,0,0,0,0,0.00,0,0,0,0,0,0
15,Edson Álvarez,MEX,MF,West Ham,27-054,1997,7.8,14,1.79,12,0,1,1,0,0,0,0.00,0,0,0,0,0,0
16,Samuel Amo-Ameyaw,ENG,"FW,DF",Southampton,18-152,2006,0.3,2,6.43,1,0,0,0,1,0,0,0.00,0,0,0,0,0,0
17,Joachim Andersen,DEN,DF,Crystal Palace,28-200,1996,1.0,1,1.00,1,0,0,0,0,0,0,0.00,0,0,0,0,0,0
18,Joachim Andersen,DEN,DF,Fulham,28-200,1996,7.7,6,0.79,3,0,0,3,0,0,0,0.00,0,0,0,0,0,0
19,Elliot Anderson,ENG,"MF,FW",Nott'ham Forest,22-041,2002,10.1,49,4.86,20,13,7,6,1,2,9,0.89,3,3,0,1,1,1
20,André,BRA,MF,Wolves,23-154,2001,8.1,14,1.73,13,0,0,0,0,1,1,0.12,1,0,0,0,0,0
21,Michail Antonio,JAM,FW,West Ham,34-264,1990,9.3,22,2.37,14,0,1,5,1,1,4,0.43,0,0,0,4,0,0
22,Antony,BRA,"FW,MF",Manchester Utd,24-297,2000,0.6,3,5.09,2,0,0,0,1,0,0,0.00,0,0,0,0,0,0
23,Julian Araujo,MEX,DF,Bournemouth,23-126,2001,3.9,2,0.51,2,0,0,0,0,0,0,0.00,0,0,0,0,0,0
24,Cameron Archer,ENG,FW,Southampton,23-149,2001,9.5,10,1.06,4,0,2,3,1,0,0,0.00,0,0,0,0,0,0
25,Alphonse Areola,FRA,GK,West Ham,31-294,1993,7.5,1,0.13,0,1,0,0,0,0,0,0.00,0,0,0,0,0,0
26,Joe Aribo,NGA,MF,Southampton,28-149,1996,10.0,18,1.79,16,0,0,1,1,0,0,0.00,0,0,0,0,0,0
27,Adam Armstrong,ENG,"FW,MF",Southampton,27-311,1997,9.5,13,1.37,8,1,1,3,0,0,3,0.32,1,0,0,2,0,0
28,Harrison Armstrong,ENG,MF,Everton,17-333,2007,0.0,0,0.00,0,0,0,0,0,0,0,0.00,0,0,0,0,0,0
29,Kepa Arrizabalaga,ESP,GK,Bournemouth,30-075,1994,11.0,2,0.18,1,1,0,0,0,0,0,0.00,0,0,0,0,0,0
30,Taiwo Awoniyi,NGA,FW,Nott'ham Forest,27-127,1997,2.3,4,1.76,3,0,0,0,1,0,0,0.00,0,0,0,0,0,0
31,Yasin Ayari,SWE,MF,Brighton,21-072,2003,8.9,29,3.27,11,9,3,2,3,1,1,0.11,1,0,0,0,0,0
32,Jordan Ayew,GHA,"FW,MF",Crystal Palace,33-097,1991,0.2,1,4.29,1,0,0,0,0,0,0,0.00,0,0,0,0,0,0
33,Jordan Ayew,GHA,"FW,MF",Leicester City,33-097,1991,7.3,9,1.23,7,1,0,1,0,0,1,0.14,1,0,0,0,0,0
34,Benoît Badiashile,FRA,DF,Chelsea,23-266,2001,2.8,0,0.00,0,0,0,0,0,0,0,0.00,0,0,0,0,0,0
35,Leon Bailey,JAM,"FW,MF",Aston Villa,27-130,1997,8.1,19,2.34,13,1,2,1,2,0,3,0.37,3,0,0,0,0,0
36,Carlos Baleba,CMR,MF,Brighton,20-349,2004,10.0,24,2.41,21,0,1,1,0,1,2,0.20,1,0,0,0,0,1
37,Ross Barkley,ENG,MF,Aston Villa,31-012,1993,5.0,13,2.61,12,1,0,0,0,0,3,0.60,3,0,0,0,0,0
38,Harvey Barnes,ENG,FW,Newcastle Utd,27-008,1997,8.0,30,3.72,20,1,3,2,4,0,4,0.50,2,0,1,0,1,0
39,Calvin Bassey,NGA,DF,Fulham,24-352,1999,15.0,6,0.40,5,1,0,0,0,0,1,0.07,1,0,0,0,0,0
40,Jan Bednarek,POL,DF,Southampton,28-249,1996,11.9,10,0.84,10,0,0,0,0,0,0,0.00,0,0,0,0,0,0
41,Jean-Ricner Bellegarde,FRA,"MF,FW",Wolves,26-173,1998,8.1,23,2.86,13,1,2,2,3,2,4,0.50,3,0,0,0,0,1
42,Rodrigo Bentancur,URU,MF,Tottenham,27-175,1997,5.9,15,2.52,10,0,1,3,0,1,0,0.00,0,0,0,0,0,0
43,Sander Berge,NOR,MF,Fulham,26-307,1998,9.8,14,1.43,12,0,0,0,0,2,1,0.10,1,0,0,0,0,0
44,Lucas Bergvall,SWE,MF,Tottenham,18-319,2006,1.9,4,2.09,2,2,0,0,0,0,0,0.00,0,0,0,0,0,0
45,Victor Bernth Kristiansen,DEN,DF,Leicester City,22-001,2002,13.5,23,1.70,16,5,0,0,2,0,3,0.22,3,0,0,0,0,0
46,Beto,GNB,FW,Everton,26-321,1998,2.1,4,1.93,0,0,2,0,2,0,0,0.00,0,0,0,0,0,0
47,Philip Billing,DEN,MF,Bournemouth,28-189,1996,0.8,11,13.94,8,0,0,1,0,2,0,0.00,0,0,0,0,0,0
48,Yves Bissouma,MLI,MF,Tottenham,28-109,1996,8.2,12,1.47,11,0,0,0,0,1,0,0.00,0,0,0,0,0,0
49,Lamare Bogarde,NED,DF,Aston Villa,20-347,2004,2.4,7,2.96,5,1,0,0,0,1,0,0.00,0,0,0,0,0,0
50,Willy Boly,CIV,DF,Nott'ham Forest,33-318,1991,1.0,0,0.00,0,0,0,0,0,0,0,0.00,0,0,0,0,0,0
51,Jarrod Bowen,ENG,"FW,MF",West Ham,27-363,1996,15.7,71,4.51,42,12,5,6,4,2,8,0.51,5,2,1,0,0,0
52,Conor Bradley,NIR,DF,Liverpool,21-161,2003,2.6,6,2.30,4,0,1,0,1,0,1,0.38,1,0,0,0,0,0
53,Jarrad Branthwaite,ENG,DF,Everton,22-173,2002,6.1,5,0.82,5,0,0,0,0,0,0,0.00,0,0,0,0,0,0
54,James Bree,ENG,DF,Southampton,27-067,1997,1.5,3,1.99,1,2,0,0,0,0,0,0.00,0,0,0,0,0,0
55,Ben Brereton,CHI,FW,Southampton,25-243,1999,5.0,9,1.80,7,0,0,0,2,0,0,0.00,0,0,0,0,0,0
56,Nathan Broadhead,WAL,"FW,MF",Ipswich Town,26-256,1998,0.4,0,0.00,0,0,0,0,0,0,0,0.00,0,0,0,0,0,0
57,Armando Broja,ALB,FW,Everton,23-098,2001,0.4,1,2.73,1,0,0,0,0,0,0,0.00,0,0,0,0,0,0
58,David Brooks,WAL,"FW,MF",Bournemouth,27-162,1997,1.9,12,6.24,10,0,1,1,0,0,1,0.52,0,0,0,1,0,0
59,Emi Buendía,ARG,"MF,FW",Aston Villa,27-358,1996,0.5,2,4.19,2,0,0,0,0,0,0,0.00,0,0,0,0,0,0
60,Santiago Bueno,URU,DF,Wolves,26-038,1998,7.8,5,0.64,4,1,0,0,0,0,1,0.13,1,0,0,0,0,0
61,Facundo Buonanotte,ARG,"MF,FW",Leicester City,19-360,2004,10.2,37,3.64,19,9,8,1,0,0,4,0.39,1,2,1,0,0,0
62,Cameron Burgess,AUS,DF,Ipswich Town,29-057,1995,8.0,5,0.62,5,0,0,0,0,0,2,0.25,2,0,0,0,0,0
63,Dan Burn,ENG,DF,Newcastle Utd,32-222,1992,15.0,7,0.47,4,1,0,1,1,0,1,0.07,0,1,0,0,0,0
64,Wes Burns,WAL,FW,Ipswich Town,30-024,1994,7.3,12,1.65,9,0,0,1,2,0,1,0.14,1,0,0,0,0,0
65,Moisés Caicedo,ECU,"MF,DF",Chelsea,23-045,2001,15.7,46,2.93,42,0,0,0,1,3,6,0.38,5,0,0,0,1,0
66,Tom Cairney,SCO,MF,Fulham,33-332,1991,2.0,12,6.07,11,1,0,0,0,0,2,1.01,2,0,0,0,0,0
67,Jens Cajuste,SWE,MF,Ipswich Town,25-129,1999,6.1,10,1.65,8,0,2,0,0,0,0,0.00,0,0,0,0,0,0
68,Riccardo Calafiori,ITA,DF,Arsenal,22-212,2002,5.6,5,0.89,4,0,0,1,0,0,0,0.00,0,0,0,0,0,0
69,Dominic Calvert-Lewin,ENG,FW,Everton,27-276,1997,12.9,17,1.32,10,0,2,2,2,1,2,0.16,1,0,0,0,1,0
70,Diego Carlos,BRA,DF,Aston Villa,31-277,1993,8.2,3,0.36,2,0,0,1,0,0,0,0.00,0,0,0,0,0,0
71,Fabio Carvalho,POR,"FW,MF",Brentford,22-109,2002,4.7,9,1.93,6,0,1,2,0,0,1,0.21,1,0,0,0,0,0
72,Casemiro,BRA,MF,Manchester Utd,32-298,1992,8.3,36,4.35,33,1,0,2,0,0,3,0.36,3,0,0,0,0,0
73,Kaelan Casey,ENG,DF,West Ham,20-050,2004,0.0,0,0.00,0,0,0,0,0,0,0,0.00,0,0,0,0,0,0
74,Matty Cash,POL,"DF,FW",Aston Villa,27-132,1997,8.2,7,0.85,7,0,0,0,0,0,0,0.00,0,0,0,0,0,0
75,Timothy Castagne,BEL,DF,Fulham,29-012,1995,2.0,1,0.49,0,0,0,1,0,0,0,0.00,0,0,0,0,0,0
76,Trevoh Chalobah,ENG,DF,Crystal Palace,25-165,1999,9.8,7,0.72,7,0,0,0,0,0,0,0.00,0,0,0,0,0,0
77,Conor Chaplin,ENG,"MF,FW",Ipswich Town,27-305,1997,6.1,16,2.61,15,1,0,0,0,0,1,0.16,1,0,0,0,0,0
78,Federico Chiesa,ITA,FW,Liverpool,27-053,1997,0.2,2,9.47,2,0,0,0,0,0,0,0.00,0,0,0,0,0,0
79,Chiquinho,POR,MF,Wolves,24-316,2000,0.1,2,25.71,2,0,0,0,0,0,0,0.00,0,0,0,0,0,0
80,Hamza Choudhury,ENG,MF,Leicester City,27-077,1997,0.8,2,2.47,1,0,1,0,0,0,0,0.00,0,0,0,0,0,0
81,Ryan Christie,SCO,MF,Bournemouth,29-299,1995,11.6,46,3.97,37,3,0,3,2,1,1,0.09,1,0,0,0,0,0
82,Harry Clarke,ENG,DF,Ipswich Town,23-290,2001,3.2,1,0.31,1,0,0,0,0,0,0,0.00,0,0,0,0,0,0
83,Jack Clarke,ENG,FW,Ipswich Town,24-024,2000,5.6,17,3.04,15,1,1,0,0,0,2,0.36,1,1,0,0,0,0
84,Nathaniel Clyne,ENG,"DF,MF",Crystal Palace,33-256,1991,3.4,0,0.00,0,0,0,0,0,0,0,0.00,0,0,0,0,0,0
85,Conor Coady,ENG,DF,Leicester City,31-296,1993,4.1,1,0.24,1,0,0,0,0,0,0,0.00,0,0,0,0,0,0
86,Séamus Coleman,IRL,DF,Everton,36-067,1988,1.0,1,1.00,0,0,1,0,0,0,0,0.00,0,0,0,0,0,0
87,Nathan Collins,IRL,DF,Brentford,23-231,2001,16.0,18,1.13,12,2,1,2,1,0,5,0.31,2,1,0,1,1,0
88,Toby Collyer,ENG,MF,Manchester Utd,20-349,2004,0.5,2,4.00,2,0,0,0,0,0,0,0.00,0,0,0,0,0,0
89,Levi Colwill,ENG,DF,Chelsea,21-295,2003,15.0,17,1.13,14,2,0,0,0,1,1,0.07,0,0,0,0,0,1
90,Lewis Cook,ENG,MF,Bournemouth,27-318,1997,14.1,45,3.20,34,10,0,1,0,0,4,0.28,2,1,0,1,0,0
91,Maxwel Cornet,CIV,FW,Southampton,28-081,1996,0.8,0,0.00,0,0,0,0,0,0,0,0.00,0,0,0,0,0,0
92,Vladimír Coufal,CZE,DF,West Ham,32-117,1992,4.6,7,1.51,5,2,0,0,0,0,1,0.22,0,1,0,0,0,0
93,Aaron Cresswell,ENG,DF,West Ham,35-002,1989,0.4,2,5.63,1,1,0,0,0,0,0,0.00,0,0,0,0,0,0
94,Marc Cucurella,ESP,DF,Chelsea,26-148,1998,13.0,22,1.69,21,0,0,1,0,0,2,0.15,2,0,0,0,0,0
95,Jorge Cuenca,ESP,DF,Fulham,25-030,1999,1.0,0,0.00,0,0,0,0,0,0,0,0.00,0,0,0,0,0,0
96,Matheus Cunha,BRA,"MF,FW",Wolves,25-204,1999,14.8,58,3.91,35,9,7,3,2,2,7,0.47,6,0,1,0,0,0
97,Patson Daka,ZAM,"FW,MF",Leicester City,26-069,1998,1.2,1,0.80,0,0,1,0,0,0,1,0.80,0,0,1,0,0,0
98,Diogo Dalot,POR,DF,Manchester Utd,25-274,1999,15.6,28,1.79,23,1,3,0,0,1,1,0.06,1,0,0,0,0,0
99,Mikkel Damsgaard,DEN,"MF,FW",Brentford,24-167,2000,12.2,42,3.44,30,6,2,1,1,2,10,0.82,7,2,0,0,1,0
100,Danilo,BRA,MF,Nott'ham Forest,23-232,2001,0.2,0,0.00,0,0,0,0,0,0,0,0.00,0,0,0,0,0,0
101,Ben Davies,WAL,DF,Tottenham,31-237,1993,3.0,0,0.00,0,0,0,0,0,0,0,0.00,0,0,0,0,0,0
102,Leif Davis,ENG,DF,Ipswich Town,24-340,2000,16.0,60,3.75,27,28,3,2,0,0,3,0.19,2,0,1,0,0,0
103,Craig Dawson,ENG,DF,Wolves,34-225,1990,9.8,6,0.61,5,0,0,1,0,0,2,0.20,1,0,0,1,0,0
104,Kevin De Bruyne,BEL,MF,Manchester City,33-172,1991,7.0,51,7.31,33,14,1,2,0,1,4,0.57,2,1,0,1,0,0
105,Liam Delap,ENG,FW,Ipswich Town,21-313,2003,13.2,32,2.43,18,0,5,1,6,2,2,0.15,1,0,1,0,0,0
106,Sepp van den Berg,NED,DF,Brentford,22-363,2001,13.0,10,0.77,10,0,0,0,0,0,1,0.08,1,0,0,0,0,0
107,Justin Devenny,NIR,MF,Crystal Palace,21-067,2003,2.3,7,3.04,5,2,0,0,0,0,0,0.00,0,0,0,0,0,0
108,Kiernan Dewsbury-Hall,ENG,MF,Chelsea,26-102,1998,0.7,1,1.50,1,0,0,0,0,0,0,0.00,0,0,0,0,0,0
109,Amad Diallo,CIV,"FW,DF",Manchester Utd,22-159,2002,9.8,48,4.88,32,3,5,1,4,3,13,1.32,6,0,3,0,1,3
110,Rúben Dias,POR,DF,Manchester City,27-217,1997,12.1,17,1.41,11,0,0,4,0,2,0,0.00,0,0,0,0,0,0
111,Luis Díaz,COL,FW,Liverpool,27-339,1997,9.8,50,5.11,35,0,8,5,2,0,8,0.82,6,0,1,0,1,0
112,Tyler Dibling,ENG,"MF,FW",Southampton,18-280,2006,10.3,36,3.48,21,1,8,2,4,0,3,0.29,2,0,1,0,0,0
113,Lucas Digne,FRA,DF,Aston Villa,31-150,1993,12.9,32,2.47,20,9,0,3,0,0,3,0.23,3,0,0,0,0,0
114,Issa Diop,FRA,DF,Fulham,27-343,1997,8.4,5,0.60,4,0,0,1,0,0,0,0.00,0,0,0,0,0,0
115,Axel Disasi,FRA,DF,Chelsea,26-281,1998,2.0,0,0.00,0,0,0,0,0,0,0,0.00,0,0,0,0,0,0
116,Roman Dixon,ENG,DF,Everton,19-357,2004,1.0,0,0.00,0,0,0,0,0,0,0,0.00,0,0,0,0,0,0
117,Matt Doherty,IRL,DF,Wolves,32-336,1992,4.9,9,1.82,5,2,0,1,1,0,0,0.00,0,0,0,0,0,0
118,Jeremy Doku,BEL,"FW,MF",Manchester City,22-204,2002,6.9,28,4.08,22,1,4,1,0,0,3,0.44,2,0,1,0,0,0
119,Nicolás Domínguez,ARG,"MF,FW",Nott'ham Forest,26-172,1998,8.7,11,1.27,7,1,0,2,1,0,0,0.00,0,0,0,0,0,0
120,Alfie Dorrington,ENG,DF,Tottenham,19-241,2005,0.2,0,0.00,0,0,0,0,0,0,0,0.00,0,0,0,0,0,0
121,Abdoulaye Doucouré,MLI,MF,Everton,31-351,1993,10.9,25,2.29,23,0,0,1,0,1,1,0.09,0,0,0,0,0,1
122,Cheick Doucouré,MLI,MF,Crystal Palace,24-344,2000,2.7,5,1.82,3,0,0,2,0,0,2,0.73,1,0,0,1,0,0
123,Flynn Downes,ENG,MF,Southampton,25-332,1999,13.5,23,1.70,19,2,0,1,0,1,1,0.07,0,1,0,0,0,0
124,Tommy Doyle,ENG,MF,Wolves,23-061,2001,3.7,14,3.81,9,3,1,1,0,0,2,0.54,1,0,1,0,0,0
125,Radu Drăgușin,ROU,DF,Tottenham,22-318,2002,8.0,3,0.38,3,0,0,0,0,0,1,0.13,1,0,0,0,0,0
126,Martin Dúbravka,SVK,GK,Newcastle Utd,35-337,1989,1.0,0,0.00,0,0,0,0,0,0,0,0.00,0,0,0,0,0,0
127,Lewis Dunk,ENG,DF,Brighton,33-026,1991,11.0,11,1.00,10,0,0,1,0,0,1,0.09,1,0,0,0,0,0
128,Jhon Durán,COL,FW,Aston Villa,21-004,2003,5.5,14,2.56,7,0,0,3,2,2,1,0.18,0,0,0,0,0,1
129,Ederson,BRA,GK,Manchester City,31-122,1993,13.0,3,0.23,3,0,0,0,0,0,1,0.08,1,0,0,0,0,0
130,George Edmundson,ENG,DF,Ipswich Town,27-108,1997,0.0,0,0.00,0,0,0,0,0,0,0,0.00,0,0,0,0,0,0
131,Odsonne Édouard,FRA,"MF,FW",Crystal Palace,26-336,1998,1.3,1,0.78,1,0,0,0,0,0,0,0.00,0,0,0,0,0,0
132,Odsonne Édouard,FRA,FW,Leicester City,26-336,1998,0.3,2,6.21,2,0,0,0,0,0,0,0.00,0,0,0,0,0,0
133,Samuel Edozie,ENG,"DF,FW",Southampton,21-324,2003,0.7,4,5.54,3,0,0,0,1,0,0,0.00,0,0,0,0,0,0
134,Ronnie Edwards,ENG,DF,Southampton,21-264,2003,0.1,0,0.00,0,0,0,0,0,0,0,0.00,0,0,0,0,0,0
135,Anthony Elanga,SWE,FW,Nott'ham Forest,22-234,2002,9.1,30,3.29,17,8,0,1,4,0,3,0.33,1,1,0,0,1,0
136,Harvey Elliott,ENG,"DF,FW",Liverpool,21-257,2003,0.2,2,8.57,0,2,0,0,0,0,0,0.00,0,0,0,0,0,0
137,Yunus Emre Konak,TUR,"MF,FW",Brentford,18-342,2006,0.2,0,0.00,0,0,0,0,0,0,0,0.00,0,0,0,0,0,0
138,Julio Enciso,PAR,"MF,FW",Brighton,20-329,2004,1.5,11,7.33,5,1,3,0,2,0,0,0.00,0,0,0,0,0,0
139,Wataru Endo,JPN,MF,Liverpool,31-312,1993,0.3,1,3.91,1,0,0,0,0,0,0,0.00,0,0,0,0,0,0
140,Christian Eriksen,DEN,MF,Manchester Utd,32-307,1992,5.6,25,4.43,16,9,0,0,0,0,5,0.89,3,2,0,0,0,0
141,Pervis Estupiñán,ECU,DF,Brighton,26-331,1998,10.8,28,2.59,17,9,0,2,0,0,3,0.28,3,0,0,0,0,0
142,Evanilson,BRA,FW,Bournemouth,25-072,1999,12.3,36,2.92,20,0,2,6,8,0,6,0.49,0,0,1,1,4,0
143,Jonny Evans,NIR,DF,Manchester Utd,36-349,1988,3.2,2,0.62,2,0,0,0,0,0,0,0.00,0,0,0,0,0,0
144,Eberechi Eze,ENG,"MF,FW",Crystal Palace,26-171,1998,12.0,54,4.51,29,12,4,6,3,0,3,0.25,3,0,0,0,0,0
145,Łukasz Fabiański,POL,GK,West Ham,39-243,1985,8.5,3,0.35,2,1,0,0,0,0,0,0.00,0,0,0,0,0,0
146,Wout Faes,BEL,DF,Leicester City,26-258,1998,13.5,4,0.30,2,0,0,1,0,1,0,0.00,0,0,0,0,0,0
147,Abdul Fatawu Issahaku,GHA,FW,Leicester City,20-284,2004,6.4,17,2.64,10,0,2,1,4,0,3,0.47,2,0,0,1,0,0
148,João Félix,POR,"FW,MF",Chelsea,25-037,1999,3.3,12,3.61,10,0,1,1,0,0,1,0.30,1,0,0,0,0,0
149,Evan Ferguson,IRL,FW,Brighton,20-059,2004,2.5,3,1.22,2,0,1,0,0,0,0,0.00,0,0,0,0,0,0
150,Bruno Fernandes,POR,"MF,FW",Manchester Utd,30-100,1994,14.9,68,4.57,53,7,3,1,3,1,6,0.40,5,1,0,0,0,0
151,Mateus Fernandes,POR,MF,Southampton,20-160,2004,12.7,24,1.89,17,2,1,3,0,1,3,0.24,2,0,0,0,0,1
152,Enzo Fernández,ARG,MF,Chelsea,23-335,2001,11.8,48,4.07,37,5,0,2,0,4,11,0.93,9,2,0,0,0,0
153,Mark Flekken,NED,GK,Brentford,31-187,1993,16.0,2,0.12,0,2,0,0,0,0,1,0.06,0,1,0,0,0,0
154,Phil Foden,ENG,"MF,FW",Manchester City,24-203,2000,8.0,45,5.63,27,11,2,3,2,0,3,0.37,1,1,0,1,0,0
155,Wesley Fofana,FRA,DF,Chelsea,24-000,2000,11.3,11,0.98,9,1,1,0,0,0,0,0.00,0,0,0,0,0,0
156,Carlos Forbs,POR,"MF,FW",Wolves,20-273,2004,2.3,4,1.76,3,0,1,0,0,0,1,0.44,1,0,0,0,0,0
157,Fraser Forster,ENG,GK,Tottenham,36-275,1988,4.0,0,0.00,0,0,0,0,0,0,0,0.00,0,0,0,0,0,0
158,Ryan Fraser,SCO,"FW,DF",Southampton,30-297,1994,3.4,5,1.49,5,0,0,0,0,0,0,0.00,0,0,0,0,0,0
159,Niclas Füllkrug,GER,FW,West Ham,31-312,1993,1.3,4,3.19,4,0,0,0,0,0,0,0.00,0,0,0,0,0,0
160,Cody Gakpo,NED,FW,Liverpool,25-224,1999,7.7,28,3.65,20,0,1,4,2,1,1,0.13,1,0,0,0,0,0
161,Idrissa Gana Gueye,SEN,MF,Everton,35-082,1989,11.9,26,2.19,21,0,0,2,2,1,0,0.00,0,0,0,0,0,0
162,Alejandro Garnacho,ARG,"FW,MF",Manchester Utd,20-169,2004,10.5,25,2.39,18,1,2,2,2,0,2,0.19,1,0,0,1,0,0
163,James Garner,ENG,"DF,MF",Everton,23-279,2001,2.8,5,1.78,4,1,0,0,0,0,0,0.00,0,0,0,0,0,0
164,Morgan Gibbs-White,ENG,MF,Nott'ham Forest,24-325,2000,10.4,42,4.05,36,0,2,3,1,0,6,0.58,5,0,0,1,0,0
165,Billy Gilmour,SCO,MF,Brighton,23-189,2001,1.1,3,2.76,3,0,0,0,0,0,0,0.00,0,0,0,0,0,0
166,João Gomes,BRA,MF,Wolves,23-309,2001,14.1,24,1.71,20,1,2,0,0,1,2,0.14,2,0,0,0,0,0
167,Rodrigo Gomes,POR,"DF,FW",Wolves,21-163,2003,3.0,4,1.32,4,0,0,0,0,0,0,0.00,0,0,0,0,0,0
168,Toti Gomes,POR,DF,Wolves,25-336,1999,12.0,9,0.75,9,0,0,0,0,0,1,0.08,1,0,0,0,0,0
169,Joe Gomez,ENG,DF,Liverpool,27-208,1997,3.4,1,0.30,1,0,0,0,0,0,0,0.00,0,0,0,0,0,0
170,Anthony Gordon,ENG,FW,Newcastle Utd,23-297,2001,13.1,62,4.72,42,7,7,2,4,0,7,0.53,4,1,1,0,1,0
171,Ryan Gravenberch,NED,MF,Liverpool,22-215,2002,14.7,23,1.56,20,0,1,1,0,1,5,0.34,5,0,0,0,0,0
172,Archie Gray,ENG,"DF,MF",Tottenham,18-280,2006,2.7,1,0.37,1,0,0,0,0,0,0,0.00,0,0,0,0,0,0
173,Jack Grealish,ENG,"FW,MF",Manchester City,29-098,1995,5.4,35,6.51,31,1,2,0,0,1,2,0.37,1,0,0,0,0,1
174,Jacob Greaves,ENG,DF,Ipswich Town,24-096,2000,8.0,0,0.00,0,0,0,0,0,0,0,0.00,0,0,0,0,0,0
175,Brajan Gruda,GER,MF,Brighton,20-200,2004,1.0,2,2.07,2,0,0,0,0,0,0,0.00,0,0,0,0,0,0
176,Gonçalo Guedes,POR,"FW,MF",Wolves,28-018,1996,3.0,12,4.01,11,0,1,0,0,0,5,1.67,4,0,1,0,0,0
177,Marc Guéhi,ENG,DF,Crystal Palace,24-157,2000,16.0,18,1.13,14,0,0,3,1,0,2,0.12,2,0,0,0,0,0
178,Luis Guilherme,BRA,MF,West Ham,18-312,2006,0.1,1,6.92,0,0,0,0,1,0,0,0.00,0,0,0,0,0,0
179,Bruno Guimarães,BRA,MF,Newcastle Utd,27-031,1997,15.5,47,3.03,40,1,2,0,3,1,6,0.39,5,1,0,0,0,0
180,Marc Guiu,ESP,FW,Chelsea,18-348,2006,0.3,0,0.00,0,0,0,0,0,0,0,0.00,0,0,0,0,0,0
181,İlkay Gündoğan,GER,MF,Manchester City,34-054,1990,11.6,38,3.29,31,3,3,1,0,0,3,0.26,3,0,0,0,0,0
182,Malo Gusto,FRA,DF,Chelsea,21-212,2003,10.6,24,2.26,23,0,0,1,0,0,3,0.28,3,0,0,0,0,0
183,Joško Gvardiol,CRO,DF,Manchester City,22-329,2002,14.5,35,2.42,33,0,1,1,0,0,3,0.21,2,0,1,0,0,0
184,Erling Haaland,NOR,FW,Manchester City,24-149,2000,16.0,32,2.00,21,0,4,6,1,0,5,0.31,2,0,2,1,0,0
185,Lewis Hall,ENG,DF,Newcastle Utd,20-100,2004,13.6,38,2.79,28,9,0,0,1,0,3,0.22,3,0,0,0,0,0
186,Ali Al Hamadi,IRQ,FW,Ipswich Town,22-291,2002,0.8,5,6.08,3,0,1,0,1,0,0,0.00,0,0,0,0,0,0
187,Marcus Harness,ENG,MF,Ipswich Town,28-297,1996,0.5,2,4.00,2,0,0,0,0,0,0,0.00,0,0,0,0,0,0
188,Jack Harrison,ENG,FW,Everton,28-027,1996,8.1,16,1.96,13,0,0,1,2,0,2,0.25,1,0,0,0,1,0
189,Taylor Harwood-Bellis,ENG,DF,Southampton,22-322,2002,13.6,14,1.03,12,0,0,2,0,0,2,0.15,1,0,0,1,0,0
190,Kai Havertz,GER,FW,Arsenal,25-189,1999,14.8,35,2.36,28,0,1,6,0,0,2,0.14,1,0,0,1,0,0
191,Jan Paul van Hecke,NED,DF,Brighton,24-192,2000,12.9,24,1.86,22,0,0,2,0,0,2,0.16,2,0,0,0,0,0
192,Hwang Hee-chan,KOR,"MF,FW",Wolves,28-326,1996,3.5,5,1.41,5,0,0,0,0,0,1,0.28,1,0,0,0,0,0
193,Dean Henderson,ENG,GK,Crystal Palace,27-280,1997,16.0,0,0.00,0,0,0,0,0,0,0,0.00,0,0,0,0,0,0
194,Mads Hermansen,DEN,GK,Leicester City,24-159,2000,15.5,2,0.13,2,0,0,0,0,0,0,0.00,0,0,0,0,0,0
195,Son Heung-min,KOR,FW,Tottenham,32-162,1992,10.9,64,5.85,50,3,8,1,2,0,8,0.73,8,0,0,0,0,0
196,James Hill,ENG,MF,Bournemouth,22-342,2002,0.1,0,0.00,0,0,0,0,0,0,0,0.00,0,0,0,0,0,0
197,Jack Hinshelwood,ENG,"MF,DF",Brighton,19-250,2005,9.3,20,2.15,14,4,0,1,1,0,2,0.21,2,0,0,0,0,0
198,George Hirst,ENG,FW,Ipswich Town,25-306,1999,2.0,6,3.00,5,0,0,1,0,0,2,1.00,1,0,0,1,0,0
199,Mason Holgate,ENG,"FW,DF",Everton,28-056,1996,0.1,0,0.00,0,0,0,0,0,0,0,0.00,0,0,0,0,0,0
200,Callum Hudson-Odoi,ENG,FW,Nott'ham Forest,24-040,2000,12.7,58,4.58,42,3,7,3,3,0,4,0.32,2,0,0,0,2,0
201,Will Hughes,ENG,MF,Crystal Palace,29-244,1995,9.8,37,3.76,26,8,1,2,0,0,5,0.51,2,2,0,1,0,0
202,Dean Huijsen,ESP,DF,Bournemouth,19-247,2005,5.8,13,2.23,12,0,0,1,0,0,1,0.17,1,0,0,0,0,0
203,Omari Hutchinson,ENG,"MF,FW",Ipswich Town,21-048,2003,14.6,39,2.68,27,0,7,2,2,1,4,0.27,4,0,0,0,0,0
204,Rasmus Højlund,DEN,FW,Manchester Utd,21-317,2003,7.6,15,1.97,10,0,2,0,3,0,1,0.13,0,0,0,0,1,0
205,Igor,BRA,DF,Brighton,26-314,1998,8.3,9,1.08,8,0,0,0,1,0,0,0.00,0,0,0,0,0,0
206,Danny Ings,ENG,FW,West Ham,32-147,1992,2.0,10,5.00,5,0,1,3,1,0,2,1.00,0,0,0,1,1,0
207,Tim Iroegbunam,ENG,MF,Everton,21-170,2003,4.3,9,2.11,5,0,1,0,1,2,0,0.00,0,0,0,0,0,0
208,Andy Irving,SCO,MF,West Ham,24-218,2000,0.6,1,1.73,1,0,0,0,0,0,0,0.00,0,0,0,0,0,0
209,Alexander Isak,SWE,FW,Newcastle Utd,25-087,1999,12.5,42,3.35,30,1,4,4,1,2,5,0.40,4,0,0,0,0,1
210,Alex Iwobi,NGA,FW,Fulham,28-228,1996,15.4,62,4.02,54,0,4,3,1,0,10,0.65,8,0,2,0,0,0
211,Nicolas Jackson,SEN,FW,Chelsea,23-180,2001,13.1,35,2.67,23,0,6,3,2,1,7,0.53,5,0,1,1,0,0
212,Reece James,ENG,DF,Chelsea,25-009,1999,2.7,3,1.12,3,0,0,0,0,0,0,0.00,0,0,0,0,0,0
213,Vitaly Janelt,GER,MF,Brentford,26-221,1998,12.8,18,1.40,17,1,0,0,0,0,3,0.23,3,0,0,0,0,0
214,Vitezslav Jaros,CZE,GK,Liverpool,23-147,2001,0.1,0,0.00,0,0,0,0,0,0,0,0.00,0,0,0,0,0,0
215,Daniel Jebbison,ENG,FW,Bournemouth,21-126,2003,0.3,2,6.43,2,0,0,0,0,0,0,0.00,0,0,0,0,0,0
216,Mathias Jensen,DEN,MF,Brentford,28-351,1996,5.3,21,3.95,14,6,1,0,0,0,3,0.56,1,1,1,0,0,0
217,Gabriel Jesus,BRA,FW,Arsenal,27-258,1997,3.0,11,3.61,6,0,1,2,1,1,1,0.33,0,0,0,1,0,0
218,Raúl Jiménez,MEX,FW,Fulham,33-226,1991,10.8,22,2.05,14,1,0,3,3,1,4,0.37,3,0,0,0,0,1
219,João Pedro,BRA,"MF,FW",Brighton,23-082,2001,7.5,21,2.78,16,0,2,0,3,0,4,0.53,4,0,0,0,0,0
220,Joelinton,BRA,"MF,FW",Newcastle Utd,28-125,1996,14.7,36,2.45,29,2,0,3,0,2,3,0.20,3,0,0,0,0,0
221,Ben Johnson,ENG,"DF,FW",Ipswich Town,24-328,2000,5.6,10,1.80,6,2,0,0,2,0,2,0.36,2,0,0,0,0,0
222,Brennan Johnson,WAL,FW,Tottenham,23-208,2001,13.0,25,1.92,20,0,3,2,0,0,3,0.23,2,0,1,0,0,0
223,Sam Johnstone,ENG,GK,Wolves,31-267,1993,7.0,2,0.29,2,0,0,0,0,0,0,0.00,0,0,0,0,0,0
224,Curtis Jones,ENG,MF,Liverpool,23-322,2001,7.1,12,1.70,11,0,0,0,1,0,3,0.42,2,0,0,0,1,0
225,Jorginho,ITA,MF,Arsenal,32-363,1991,4.4,6,1.37,5,0,0,0,1,0,0,0.00,0,0,0,0,0,0
226,Diogo Jota,POR,FW,Liverpool,28-013,1996,5.6,12,2.14,6,0,3,2,1,0,4,0.71,2,0,1,0,1,0
227,James Justin,ENG,DF,Leicester City,26-298,1998,14.9,17,1.14,12,1,0,0,4,0,1,0.07,1,0,0,0,0,0
228,Filip Jørgensen,DEN,GK,Chelsea,22-245,2002,1.0,0,0.00,0,0,0,0,0,0,0,0.00,0,0,0,0,0,0
229,Ferdi Kadioglu,TUR,"DF,MF",Brighton,25-071,1999,4.3,13,3.03,11,0,0,0,1,1,2,0.47,2,0,0,0,0,0
230,Daichi Kamada,JPN,MF,Crystal Palace,28-134,1996,7.2,27,3.73,22,3,0,1,0,1,1,0.14,0,1,0,0,0,0
231,Boubacar Kamara,FRA,MF,Aston Villa,25-024,1999,3.8,3,0.78,2,0,0,0,0,1,1,0.26,1,0,0,0,0,0
232,Michael Keane,ENG,DF,Everton,31-341,1993,9.0,6,0.67,6,0,0,0,0,0,0,0.00,0,0,0,0,0,0
233,Caoimhín Kelleher,IRL,GK,Liverpool,26-024,1998,8.0,3,0.37,3,0,0,0,0,0,1,0.12,1,0,0,0,0,0
234,Lloyd Kelly,ENG,DF,Newcastle Utd,26-072,1998,3.3,2,0.60,2,0,0,0,0,0,1,0.30,1,0,0,0,0,0
235,Milos Kerkez,HUN,DF,Bournemouth,21-040,2003,15.2,40,2.63,35,1,1,1,0,2,4,0.26,3,0,1,0,0,0
236,Bilal El Khannouss,MAR,"MF,FW",Leicester City,20-221,2004,5.7,14,2.46,12,2,0,0,0,0,1,0.18,1,0,0,0,0,0
237,Max Kilman,ENG,DF,West Ham,27-208,1997,16.0,14,0.87,12,0,2,0,0,0,3,0.19,2,0,1,0,0,0
238,Joshua King,ENG,MF,Fulham,17-349,2007,0.1,0,0.00,0,0,0,0,0,0,0,0.00,0,0,0,0,0,0
239,Jakub Kiwior,POL,DF,Arsenal,24-306,2000,3.6,1,0.28,1,0,0,0,0,0,0,0.00,0,0,0,0,0,0
240,Justin Kluivert,NED,"MF,FW",Bournemouth,25-226,1999,10.9,38,3.49,35,0,2,0,0,1,5,0.46,5,0,0,0,0,0
241,Ibrahima Konaté,FRA,DF,Liverpool,25-206,1999,10.8,8,0.74,6,0,0,2,0,0,2,0.18,2,0,0,0,0,0
242,Ezri Konsa,ENG,DF,Aston Villa,27-055,1997,13.1,10,0.76,7,1,1,1,0,0,2,0.15,2,0,0,0,0,0
243,Mateo Kovačić,CRO,MF,Manchester City,30-225,1994,10.0,34,3.39,27,0,3,3,1,0,4,0.40,2,0,1,1,0,0
244,Caleb Kporha,ENG,DF,Crystal Palace,18-155,2006,0.0,0,0.00,0,0,0,0,0,0,0,0.00,0,0,0,0,0,0
245,Emil Krafth,SWE,DF,Newcastle Utd,30-137,1994,2.7,3,1.12,2,0,0,1,0,0,0,0.00,0,0,0,0,0,0
246,Mohammed Kudus,GHA,"MF,FW",West Ham,24-137,2000,10.0,45,4.50,33,0,8,2,0,2,1,0.10,1,0,0,0,0,0
247,Dejan Kulusevski,SWE,"MF,FW",Tottenham,24-236,2000,13.7,75,5.49,56,9,6,1,3,0,5,0.37,4,0,1,0,0,0
248,Maxence Lacroix,FRA,DF,Crystal Palace,24-255,2000,13.0,15,1.15,13,1,0,1,0,0,3,0.23,2,1,0,0,0,0
249,Adam Lallana,ENG,MF,Southampton,36-221,1988,3.5,7,2.00,6,0,0,0,1,0,2,0.57,2,0,0,0,0,0
250,Tariq Lamptey,GHA,DF,Brighton,24-078,2000,2.6,5,1.91,5,0,0,0,0,0,2,0.76,2,0,0,0,0,0
251,Will Lankshear,ENG,FW,Tottenham,19-241,2005,0.1,0,0.00,0,0,0,0,0,0,0,0.00,0,0,0,0,0,0
252,Roméo Lavia,BEL,MF,Chelsea,20-346,2004,5.3,10,1.89,10,0,0,0,0,0,2,0.38,2,0,0,0,0,0
253,Mario Lemina,GAB,"MF,DF",Wolves,31-107,1993,14.8,25,1.69,20,0,2,2,0,1,5,0.34,5,0,0,0,0,0
254,Bernd Leno,GER,GK,Fulham,32-288,1992,16.0,3,0.19,3,0,0,0,0,0,1,0.06,1,0,0,0,0,0
255,Jefferson Lerma,COL,MF,Crystal Palace,30-053,1994,8.4,11,1.31,10,0,0,1,0,0,0,0.00,0,0,0,0,0,0
256,Rico Lewis,ENG,"DF,MF",Manchester City,20-026,2004,11.4,19,1.67,18,0,0,0,1,0,2,0.18,2,0,0,0,0,0
257,Keane Lewis-Potter,ENG,"DF,FW",Brentford,23-299,2001,13.3,27,2.03,18,0,3,1,4,1,5,0.38,4,0,0,0,1,0
258,Myles Lewis-Skelly,ENG,DF,Arsenal,18-082,2006,0.9,2,2.14,2,0,0,0,0,0,0,0.00,0,0,0,0,0,0
259,Matthijs de Ligt,NED,DF,Manchester Utd,25-127,1999,12.7,5,0.40,5,0,0,0,0,0,0,0.00,0,0,0,0,0,0
260,Victor Lindelöf,SWE,"DF,MF",Manchester Utd,30-153,1994,0.7,2,2.90,2,0,0,0,0,0,0,0.00,0,0,0,0,0,0
261,Jesper Lindstrøm,DEN,FW,Everton,24-292,2000,5.8,24,4.17,15,5,1,2,1,0,0,0.00,0,0,0,0,0,0
262,Valentino Livramento,ENG,DF,Newcastle Utd,22-035,2002,12.6,16,1.27,16,0,0,0,0,0,0,0.00,0,0,0,0,0,0
263,Sean Longstaff,ENG,MF,Newcastle Utd,27-048,1997,7.6,14,1.83,12,0,1,1,0,0,2,0.26,1,0,0,1,0,0
264,Saša Lukić,SRB,MF,Fulham,28-126,1996,9.7,18,1.85,13,3,0,1,0,1,0,0.00,0,0,0,0,0,0
265,Joe Lumley,ENG,GK,Southampton,29-306,1995,3.0,0,0.00,0,0,0,0,0,0,0,0.00,0,0,0,0,0,0
266,Massimo Luongo,AUS,MF,Ipswich Town,32-083,1992,1.6,0,0.00,0,0,0,0,0,0,0,0.00,0,0,0,0,0,0
267,Ian Maatsen,NED,DF,Aston Villa,22-282,2002,3.2,22,6.80,16,2,1,2,0,1,4,1.24,4,0,0,0,0,0
268,Alexis Mac Allister,ARG,MF,Liverpool,25-359,1998,11.0,44,4.02,35,5,1,1,1,1,3,0.27,3,0,0,0,0,0
269,James Maddison,ENG,MF,Tottenham,28-024,1996,11.4,60,5.28,42,7,4,3,4,0,13,1.14,9,1,2,1,0,0
270,Noni Madueke,ENG,FW,Chelsea,22-282,2002,11.4,40,3.52,27,0,5,5,2,1,7,0.62,4,0,0,1,1,1
271,Gabriel Magalhães,BRA,DF,Arsenal,26-364,1997,13.1,15,1.15,12,0,0,2,1,0,1,0.08,0,0,0,0,1,0
272,Edmond-Paris Maghoma,ENG,MF,Brentford,23-223,2001,0.3,0,0.00,0,0,0,0,0,0,0,0.00,0,0,0,0,0,0
273,Harry Maguire,ENG,DF,Manchester Utd,31-287,1993,5.0,4,0.80,4,0,0,0,0,0,0,0.00,0,0,0,0,0,0
274,Kobbie Mainoo,ENG,MF,Manchester Utd,19-242,2005,9.1,13,1.43,11,0,1,0,1,0,1,0.11,1,0,0,0,0,0
275,Tyrell Malacia,NED,DF,Manchester Utd,25-122,1999,0.5,0,0.00,0,0,0,0,0,0,0,0.00,0,0,0,0,0,0
276,Orel Mangala,BEL,MF,Everton,26-274,1998,7.5,17,2.26,12,1,2,1,1,0,1,0.13,0,0,0,0,1,0
277,Ryan Manning,IRL,DF,Southampton,28-186,1996,7.3,16,2.19,9,6,0,0,0,1,0,0.00,0,0,0,0,0,0
278,Gabriel Martinelli,BRA,"MF,FW",Arsenal,23-182,2001,9.5,23,2.42,20,0,2,1,0,0,2,0.21,2,0,0,0,0,0
279,Emiliano Martínez,ARG,GK,Aston Villa,32-106,1992,15.5,3,0.19,2,1,0,0,0,0,0,0.00,0,0,0,0,0,0
280,Lisandro Martínez,ARG,DF,Manchester Utd,26-334,1998,12.8,14,1.09,12,0,0,1,0,1,1,0.08,1,0,0,0,0,0
281,Pape Matar Sarr,SEN,MF,Tottenham,22-094,2002,9.5,23,2.42,19,1,1,1,0,1,5,0.53,3,0,1,1,0,0
282,Jean-Philippe Mateta,FRA,FW,Crystal Palace,27-172,1997,13.0,23,1.76,17,0,1,4,1,0,3,0.23,1,0,1,1,0,0
283,Stephy Mavididi,ENG,"FW,MF",Leicester City,26-200,1998,8.4,29,3.43,24,2,2,1,0,0,6,0.71,5,0,1,0,0,0
284,Konstantinos Mavropanos,GRE,DF,West Ham,27-006,1997,10.6,10,0.94,7,0,0,2,0,1,0,0.00,0,0,0,0,0,0
285,Noussair Mazraoui,MAR,DF,Manchester Utd,27-033,1997,12.9,17,1.32,16,0,0,0,1,0,1,0.08,1,0,0,0,0,0
286,Bryan Mbeumo,CMR,FW,Brentford,25-132,1999,15.9,57,3.58,41,9,5,1,1,0,8,0.50,6,0,2,0,0,0
287,James Mcatee,ENG,"FW,MF",Manchester City,22-060,2002,0.0,0,0.00,0,0,0,0,0,0,0,0.00,0,0,0,0,0,0
288,Kasey McAteer,IRL,"FW,MF",Leicester City,23-025,2001,3.7,8,2.16,7,0,0,0,1,0,1,0.27,1,0,0,0,0,0
289,Alex McCarthy,ENG,GK,Southampton,35-014,1989,4.0,0,0.00,0,0,0,0,0,0,0,0.00,0,0,0,0,0,0
290,John McGinn,SCO,"FW,MF",Aston Villa,30-060,1994,10.9,35,3.22,27,3,0,3,1,1,3,0.28,3,0,0,0,0,0
291,Dwight McNeil,ENG,"MF,FW",Everton,25-025,1999,12.7,60,4.74,33,18,4,2,2,1,6,0.47,3,1,1,0,0,1
292,Scott McTominay,SCO,MF,Manchester Utd,28-009,1996,0.2,1,4.74,0,0,0,1,0,0,0,0.00,0,0,0,0,0,0
293,Ben Mee,ENG,"DF,MF",Brentford,35-087,1989,0.1,0,0.00,0,0,0,0,0,0,0,0.00,0,0,0,0,0,0
294,Jayden Meghoma,ENG,DF,Brentford,18-172,2006,0.1,0,0.00,0,0,0,0,0,0,0,0.00,0,0,0,0,0,0
295,Mikel Merino,ESP,MF,Arsenal,28-178,1996,5.3,11,2.08,9,0,0,1,1,0,0,0.00,0,0,0,0,0,0
296,Nikola Milenković,SRB,DF,Nott'ham Forest,27-066,1997,15.0,10,0.67,8,0,0,1,0,1,2,0.13,2,0,0,0,0,0
297,James Milner,ENG,MF,Brighton,38-348,1986,1.9,8,4.26,5,2,0,0,1,0,0,0.00,0,0,0,0,0,0
298,Tyrone Mings,ENG,DF,Aston Villa,31-279,1993,1.0,1,1.00,1,0,0,0,0,0,0,0.00,0,0,0,0,0,0
299,Yankuba Minteh,GAM,"FW,MF",Brighton,20-148,2004,5.7,19,3.35,8,4,5,1,1,0,4,0.71,1,0,2,1,0,0
300,Tyrick Mitchell,ENG,DF,Crystal Palace,25-107,1999,15.4,38,2.47,35,1,0,1,1,0,2,0.13,2,0,0,0,0,0
301,Kaoru Mitoma,JPN,"FW,MF",Brighton,27-211,1997,15.1,59,3.90,48,0,3,3,4,1,6,0.40,5,0,0,0,1,0
302,Jakub Moder,POL,MF,Brighton,25-254,1999,0.1,1,18.00,1,0,0,0,0,0,0,0.00,0,0,0,0,0,0
303,Mikey Moore,ENG,FW,Tottenham,17-128,2007,0.9,5,5.29,3,2,0,0,0,0,0,0.00,0,0,0,0,0,0
304,Morato,BRA,DF,Nott'ham Forest,23-170,2001,1.9,2,1.03,2,0,0,0,0,0,0,0.00,0,0,0,0,0,0
305,Álex Moreno,ESP,DF,Nott'ham Forest,31-192,1993,8.8,10,1.14,10,0,0,0,0,0,2,0.23,2,0,0,0,0,0
306,Sam Morsy,EGY,MF,Ipswich Town,33-098,1991,14.9,24,1.61,22,2,0,0,0,0,1,0.07,1,0,0,0,0,0
307,Yerson Mosquera,COL,DF,Wolves,23-229,2001,4.9,5,1.02,5,0,0,0,0,0,0,0.00,0,0,0,0,0,0
308,Mason Mount,ENG,"MF,FW",Manchester Utd,25-342,1999,2.7,8,2.91,5,2,0,1,0,0,0,0.00,0,0,0,0,0,0
309,Mykhailo Mudryk,UKR,FW,Chelsea,23-347,2001,1.7,6,3.60,4,1,0,0,1,0,0,0.00,0,0,0,0,0,0
310,Rodrigo Muniz,BRA,FW,Fulham,23-227,2001,5.2,8,1.52,6,0,1,0,1,0,0,0.00,0,0,0,0,0,0
311,Daniel Muñoz,COL,DF,Crystal Palace,28-205,1996,15.0,35,2.33,27,2,1,5,0,0,2,0.13,1,0,0,1,0,0
312,Arijanet Muric,KVX,GK,Ipswich Town,26-040,1998,15.0,1,0.07,0,1,0,0,0,0,0,0.00,0,0,0,0,0,0
313,Murillo,BRA,DF,Nott'ham Forest,22-166,2002,15.7,20,1.27,15,2,0,2,0,1,1,0.06,1,0,0,0,0,0
314,Jacob Murphy,ENG,FW,Newcastle Utd,29-297,1995,7.9,28,3.53,22,4,1,0,1,0,5,0.63,5,0,0,0,0,0
315,Vitaliy Mykolenko,UKR,DF,Everton,25-202,1999,12.3,15,1.22,14,0,0,1,0,0,1,0.08,0,0,0,1,0,0
316,Iliman Ndiaye,SEN,FW,Everton,24-286,2000,13.0,33,2.55,27,0,3,0,3,0,3,0.23,3,0,0,0,0,0
317,Wilfred Ndidi,NGA,MF,Leicester City,28-001,1996,13.5,16,1.19,14,0,1,1,0,0,3,0.22,3,0,0,0,0,0
318,Kosta Nedeljković,SRB,DF,Aston Villa,19-001,2005,1.1,0,0.00,0,0,0,0,0,0,0,0.00,0,0,0,0,0,0
319,Reiss Nelson,ENG,FW,Arsenal,25-007,1999,0.0,0,0.00,0,0,0,0,0,0,0,0.00,0,0,0,0,0,0
320,Reiss Nelson,ENG,FW,Fulham,25-007,1999,5.4,31,5.73,21,2,3,4,0,1,1,0.18,1,0,0,0,0,0
321,Neto,BRA,GK,Bournemouth,35-151,1989,2.0,0,0.00,0,0,0,0,0,0,0,0.00,0,0,0,0,0,0
322,Pedro Neto,POR,FW,Chelsea,24-283,2000,8.1,32,3.93,24,2,4,0,2,0,5,0.61,3,0,2,0,0,0
323,Eddie Nketiah,ENG,"MF,FW",Crystal Palace,25-201,1999,6.1,19,3.11,12,0,3,1,3,0,1,0.16,1,0,0,0,0,0
324,Christopher Nkunku,FRA,FW,Chelsea,27-033,1997,3.4,17,5.00,11,0,4,2,0,0,2,0.59,0,0,1,1,0,0
325,Matheus Nunes,POR,"MF,FW",Manchester City,26-112,1998,5.9,23,3.91,17,1,2,1,2,0,4,0.68,3,0,1,0,0,0
326,Darwin Núñez,URU,FW,Liverpool,25-176,1999,7.2,18,2.51,11,0,4,0,1,2,3,0.42,3,0,0,0,0,0
327,Ethan Nwaneri,ENG,"MF,FW",Arsenal,17-271,2007,1.2,4,3.19,2,1,1,0,0,0,1,0.80,1,0,0,0,0,0
328,Christian Nørgaard,DEN,MF,Brentford,30-282,1994,11.8,20,1.69,16,0,0,2,2,0,7,0.59,6,0,0,0,1,0
329,Jake O'Brien,IRL,DF,Everton,23-216,2001,0.4,1,2.50,1,0,0,0,0,0,0,0.00,0,0,0,0,0,0
330,Matt O'Riley,DEN,MF,Brighton,24-026,2000,2.5,8,3.27,6,2,0,0,0,0,1,0.41,1,0,0,0,0,0
331,Dara O'Shea,IRL,DF,Ipswich Town,25-288,1999,12.7,8,0.63,6,0,0,1,0,1,1,0.08,1,0,0,0,0,0
332,Wilson Odobert,FRA,FW,Tottenham,20-019,2004,1.8,4,2.24,3,0,0,1,0,0,0,0.00,0,0,0,0,0,0
333,Chiedozie Ogbene,IRL,FW,Ipswich Town,27-230,1997,2.6,3,1.13,2,0,0,0,1,0,0,0.00,0,0,0,0,0,0
334,Caleb Okoli,ITA,DF,Leicester City,23-157,2001,8.7,2,0.23,2,0,0,0,0,0,0,0.00,0,0,0,0,0,0
335,Robin Olsen,SWE,GK,Aston Villa,34-344,1990,0.5,1,2.00,0,1,0,0,0,0,0,0.00,0,0,0,0,0,0
336,Amadou Onana,BEL,MF,Aston Villa,23-123,2001,8.0,13,1.62,8,1,0,4,0,0,2,0.25,1,0,0,1,0,0
337,André Onana,CMR,GK,Manchester Utd,28-259,1996,16.0,4,0.25,3,1,0,0,0,0,0,0.00,0,0,0,0,0,0
338,Paul Onuachu,NGA,FW,Southampton,30-203,1994,1.3,1,0.79,1,0,0,0,0,0,0,0.00,0,0,0,0,0,0
339,Frank Onyeka,NGA,MF,Brentford,26-351,1998,0.3,0,0.00,0,0,0,0,0,0,0,0.00,0,0,0,0,0,0
340,Stefan Ortega,GER,GK,Manchester City,32-041,1992,3.0,0,0.00,0,0,0,0,0,0,0,0.00,0,0,0,0,0,0
341,William Osula,DEN,"FW,MF",Newcastle Utd,21-135,2003,0.3,1,3.00,1,0,0,0,0,0,0,0.00,0,0,0,0,0,0
342,Dango Ouattara,BFA,"FW,DF",Bournemouth,22-310,2002,6.8,24,3.53,21,0,0,3,0,0,2,0.29,1,0,0,1,0,0
343,Cole Palmer,ENG,MF,Chelsea,22-225,2002,15.4,88,5.71,58,8,7,10,4,1,10,0.65,7,0,1,1,1,0
344,Emerson Palmieri,ITA,DF,West Ham,30-136,1994,12.3,25,2.04,13,9,0,2,1,0,1,0.08,0,1,0,0,0,0
345,Lucas Paquetá,BRA,MF,West Ham,27-112,1997,12.5,46,3.69,37,2,1,3,3,0,5,0.40,2,0,0,2,1,0
346,Thomas Partey,GHA,"MF,DF",Arsenal,31-187,1993,13.5,21,1.55,16,2,0,1,1,1,6,0.44,3,2,0,0,1,0
347,Nathan Patterson,SCO,DF,Everton,23-062,2001,0.2,1,5.00,1,0,0,0,0,0,0,0.00,0,0,0,0,0,0
348,Andreas Pereira,BRA,MF,Fulham,28-351,1996,11.2,62,5.52,33,25,0,2,2,0,2,0.18,1,0,0,0,1,0
349,Ricardo Pereira,POR,DF,Leicester City,31-072,1993,1.6,2,1.23,2,0,0,0,0,0,0,0.00,0,0,0,0,0,0
350,Kalvin Phillips,ENG,MF,Ipswich Town,29-015,1995,6.0,10,1.68,8,1,0,1,0,0,2,0.34,2,0,0,0,0,0
351,Jaden Philogene Bidace,ENG,"FW,MF",Aston Villa,22-313,2002,3.7,5,1.36,3,0,0,0,1,1,0,0.00,0,0,0,0,0,0
352,Jordan Pickford,ENG,GK,Everton,30-285,1994,15.0,4,0.27,4,0,0,0,0,0,0,0.00,0,0,0,0,0,0
353,Ethan Pinnock,JAM,DF,Brentford,31-202,1993,16.0,19,1.19,12,4,0,2,1,0,0,0.00,0,0,0,0,0,0
354,Daniel Podence,POR,"MF,FW",Wolves,29-057,1995,0.5,0,0.00,0,0,0,0,0,0,0,0.00,0,0,0,0,0,0
355,Alfie Pond,ENG,DF,Wolves,20-291,2004,0.0,0,0.00,0,0,0,0,0,0,0,0.00,0,0,0,0,0,0
356,Nick Pope,ENG,GK,Newcastle Utd,32-242,1992,15.0,3,0.20,3,0,0,0,0,0,0,0.00,0,0,0,0,0,0
357,Pedro Porro,ESP,DF,Tottenham,25-095,1999,15.0,49,3.27,33,8,1,4,3,0,3,0.20,1,1,1,0,0,0
358,Jarell Quansah,ENG,DF,Liverpool,21-323,2003,1.9,0,0.00,0,0,0,0,0,0,0,0.00,0,0,0,0,0,0
359,Aaron Ramsdale,ENG,GK,Southampton,26-217,1998,9.0,1,0.11,1,0,0,0,0,0,0,0.00,0,0,0,0,0,0
360,Jacob Ramsey,ENG,"FW,MF",Aston Villa,23-203,2001,7.0,27,3.84,20,0,4,1,2,0,3,0.43,3,0,0,0,0,0
361,Marcus Rashford,ENG,"FW,MF",Manchester Utd,27-047,1997,10.9,29,2.67,24,1,2,2,0,0,1,0.09,1,0,0,0,0,0
362,David Raya,ESP,GK,Arsenal,29-093,1995,16.0,2,0.12,1,1,0,0,0,0,0,0.00,0,0,0,0,0,0
363,Harrison Reed,ENG,MF,Fulham,29-325,1995,0.7,1,1.48,0,1,0,0,0,0,0,0.00,0,0,0,0,0,0
364,Bobby Reid,JAM,"FW,MF",Leicester City,31-319,1993,2.7,5,1.87,2,0,0,2,1,0,2,0.75,0,0,0,1,1,0
365,Chadi Riad,MAR,DF,Crystal Palace,21-183,2003,1.0,0,0.00,0,0,0,0,0,0,0,0.00,0,0,0,0,0,0
366,Declan Rice,ENG,MF,Arsenal,25-338,1999,12.9,44,3.40,24,16,2,1,1,0,3,0.23,1,2,0,0,0,0
367,Chris Richards,USA,DF,Crystal Palace,24-264,2000,3.9,1,0.25,1,0,0,0,0,0,0,0.00,0,0,0,0,0,0
368,Richarlison,BRA,FW,Tottenham,27-221,1997,1.0,3,2.97,2,0,0,0,1,0,1,0.99,1,0,0,0,0,0
369,Andrew Robertson,SCO,DF,Liverpool,30-281,1994,11.6,30,2.59,25,4,0,0,0,1,0,0.00,0,0,0,0,0,0
370,Antonee Robinson,USA,DF,Fulham,27-131,1997,16.0,34,2.12,33,0,1,0,0,0,7,0.44,7,0,0,0,0,0
371,Rodri,ESP,MF,Manchester City,28-178,1996,0.7,2,2.77,2,0,0,0,0,0,0,0.00,0,0,0,0,0,0
372,Guido Rodríguez,ARG,MF,West Ham,30-249,1994,9.1,9,0.98,7,0,0,2,0,0,0,0.00,0,0,0,0,0,0
373,Mads Roerslev,DEN,DF,Brentford,25-176,1999,6.0,13,2.16,12,0,1,0,0,0,1,0.17,1,0,0,0,0,0
374,Morgan Rogers,ENG,"MF,FW",Aston Villa,22-144,2002,14.6,50,3.43,38,0,4,6,2,0,4,0.27,4,0,0,0,0,0
375,Cristian Romero,ARG,DF,Tottenham,26-234,1998,10.8,16,1.48,13,0,0,3,0,0,2,0.18,2,0,0,0,0,0
376,Georginio Rutter,FRA,"FW,MF",Brighton,22-241,2002,10.3,37,3.60,20,0,4,7,5,1,4,0.39,2,0,1,1,0,0
377,José Sá,POR,GK,Wolves,31-335,1993,9.0,2,0.22,2,0,0,0,0,0,0,0.00,0,0,0,0,0,0
378,Bukayo Saka,ENG,"FW,MF",Arsenal,23-103,2001,13.8,89,6.43,52,17,9,8,3,0,21,1.52,12,5,2,1,1,0
379,Mohamed Salah,EGY,FW,Liverpool,32-185,1992,14.6,63,4.31,44,1,8,5,3,2,10,0.68,9,0,0,1,0,0
380,William Saliba,FRA,DF,Arsenal,23-268,2001,14.3,11,0.77,10,0,0,0,0,1,0,0.00,0,0,0,0,0,0
381,Robert Sánchez,ESP,GK,Chelsea,27-029,1997,15.0,2,0.13,1,1,0,0,0,0,1,0.07,0,1,0,0,0,0
382,Jadon Sancho,ENG,FW,Chelsea,24-267,2000,6.4,32,4.97,28,0,2,0,2,0,9,1.40,8,0,0,0,1,0
383,Ibrahim Sangaré,CIV,MF,Nott'ham Forest,27-015,1997,2.4,4,1.70,3,0,0,1,0,0,0,0.00,0,0,0,0,0,0
384,Pablo Sarabia,ESP,"MF,FW",Wolves,32-220,1992,2.0,5,2.49,1,3,1,0,0,0,1,0.50,0,0,1,0,0,0
385,Jeremy Sarmiento,ECU,MF,Brighton,22-184,2002,0.1,0,0.00,0,0,0,0,0,0,0,0.00,0,0,0,0,0,0
386,Ismaila Sarr,SEN,"MF,FW",Crystal Palace,26-296,1998,10.2,42,4.13,27,0,5,4,6,0,4,0.39,1,0,1,0,2,0
387,Sávio,BRA,"FW,MF",Manchester City,20-251,2004,7.9,52,6.56,36,2,6,2,5,1,5,0.63,2,0,1,0,1,1
388,Oliver Scarles,ENG,DF,West Ham,19-005,2005,0.2,0,0.00,0,0,0,0,0,0,0,0.00,0,0,0,0,0,0
389,Kevin Schade,GER,"FW,MF",Brentford,23-020,2001,7.5,14,1.86,6,0,2,3,2,1,4,0.53,2,0,0,2,0,0
390,Fabian Schär,SUI,DF,Newcastle Utd,32-363,1991,13.3,10,0.75,8,0,0,0,1,1,1,0.08,1,0,0,0,0,0
391,Jeffrey Schlupp,GHA,"MF,DF",Crystal Palace,31-360,1992,1.0,6,5.81,4,0,1,1,0,0,0,0.00,0,0,0,0,0,0
392,Alex Scott,ENG,MF,Bournemouth,21-118,2003,2.9,11,3.75,8,0,0,0,1,2,0,0.00,0,0,0,0,0,0
393,Matz Sels,BEL,GK,Nott'ham Forest,32-295,1992,16.0,3,0.19,1,2,0,0,0,0,0,0.00,0,0,0,0,0,0
394,Nélson Semedo,POR,DF,Wolves,31-031,1993,12.7,20,1.58,15,1,2,0,1,1,2,0.16,2,0,0,0,0,0
395,Antoine Semenyo,GHA,FW,Bournemouth,24-345,2000,14.4,58,4.02,39,0,8,7,3,1,4,0.28,2,0,1,0,1,0
396,Marcos Senesi,ARG,DF,Bournemouth,27-221,1997,10.2,16,1.57,16,0,0,0,0,0,1,0.10,1,0,0,0,0,0
397,Ryan Sessegnon,ENG,MF,Fulham,24-213,2000,0.1,0,0.00,0,0,0,0,0,0,0,0.00,0,0,0,0,0,0
398,Luke Shaw,ENG,DF,Manchester Utd,29-158,1995,0.8,0,0.00,0,0,0,0,0,0,0,0.00,0,0,0,0,0,0
399,Bernardo Silva,POR,"MF,FW",Manchester City,30-129,1994,14.3,57,3.99,51,1,4,0,1,0,7,0.49,7,0,0,0,0,0
400,Jota Silva,POR,"FW,MF",Nott'ham Forest,25-138,1999,5.6,23,4.12,17,0,1,2,3,0,3,0.54,2,0,0,0,1,0
401,Eric da Silva Moreira,GER,"MF,DF",Nott'ham Forest,18-228,2006,0.3,0,0.00,0,0,0,0,0,0,0,0.00,0,0,0,0,0,0
402,Jahmai Simpson-Pusey,ENG,DF,Manchester City,19-043,2005,1.0,0,0.00,0,0,0,0,0,0,0,0.00,0,0,0,0,0,0
403,Luis Sinisterra,COL,"FW,MF",Bournemouth,25-183,1999,2.3,13,5.57,10,0,1,2,0,0,1,0.43,1,0,0,0,0,0
404,Oliver Skipp,ENG,MF,Leicester City,24-092,2000,7.1,7,0.99,6,0,0,0,1,0,0,0.00,0,0,0,0,0,0
405,William Smallbone,IRL,MF,Southampton,24-300,2000,2.7,9,3.36,7,1,0,1,0,0,0,0.00,0,0,0,0,0,0
406,Adam Smith,ENG,DF,Bournemouth,33-232,1991,11.0,11,1.00,8,1,1,0,0,1,0,0.00,0,0,0,0,0,0
407,Emile Smith Rowe,ENG,MF,Fulham,24-142,2000,12.1,40,3.30,30,0,2,5,0,3,8,0.66,6,0,1,0,0,1
408,Dominic Solanke,ENG,FW,Tottenham,27-094,1997,12.8,25,1.96,19,0,0,4,1,1,7,0.55,5,0,0,1,1,0
409,Carlos Soler,ESP,MF,West Ham,27-350,1997,6.7,29,4.30,18,5,1,3,1,1,1,0.15,1,0,0,0,0,0
410,Ramón Sosa,PAR,"FW,MF",Nott'ham Forest,25-108,1999,1.7,11,6.60,9,0,2,0,0,0,0,0.00,0,0,0,0,0,0
411,Tomáš Souček,CZE,MF,West Ham,29-294,1995,11.9,26,2.18,19,0,0,4,2,1,2,0.17,1,0,0,0,1,0
412,Boubakary Soumaré,FRA,MF,Leicester City,25-294,1999,5.3,8,1.52,6,0,1,0,1,0,0,0.00,0,0,0,0,0,0
413,Djed Spence,ENG,DF,Tottenham,24-130,2000,1.6,5,3.19,3,0,1,1,0,0,3,1.91,2,0,1,0,0,0
414,Jay Stansfield,ENG,MF,Fulham,22-023,2002,0.0,0,0.00,0,0,0,0,0,0,0,0.00,0,0,0,0,0,0
415,Jason Steele,ENG,GK,Brighton,34-121,1990,2.0,0,0.00,0,0,0,0,0,0,0,0.00,0,0,0,0,0,0
416,Jack Stephens,ENG,DF,Southampton,30-325,1994,8.8,10,1.13,10,0,0,0,0,0,0,0.00,0,0,0,0,0,0
417,Raheem Sterling,ENG,"MF,FW",Arsenal,30-009,1994,1.6,7,4.26,5,0,2,0,0,0,1,0.61,1,0,0,0,0,0
418,Ross Stewart,SCO,"FW,MF",Southampton,28-159,1996,1.5,2,1.36,1,0,0,1,0,0,0,0.00,0,0,0,0,0,0
419,John Stones,ENG,"DF,MF",Manchester City,30-203,1994,3.2,5,1.57,5,0,0,0,0,0,1,0.31,1,0,0,0,0,0
420,Jørgen Strand Larsen,NOR,FW,Wolves,24-315,2000,14.6,20,1.37,15,1,0,2,2,0,3,0.21,3,0,0,0,0,0
421,Yukinari Sugawara,JPN,DF,Southampton,24-172,2000,8.8,25,2.83,19,4,1,1,0,0,1,0.11,1,0,0,0,0,0
422,Kamaldeen Sulemana,GHA,"FW,MF",Southampton,22-306,2002,0.7,0,0.00,0,0,0,0,0,0,0,0.00,0,0,0,0,0,0
423,Crysencio Summerville,NED,"FW,MF",West Ham,23-048,2001,6.7,25,3.71,17,3,2,0,3,0,1,0.15,1,0,0,0,0,0
424,Sammie Szmodics,IRL,FW,Ipswich Town,29-084,1995,8.3,8,0.97,6,0,1,1,0,0,0,0.00,0,0,0,0,0,0
425,Dominik Szoboszlai,HUN,MF,Liverpool,24-053,2000,11.4,44,3.85,35,3,1,3,1,1,3,0.26,3,0,0,0,0,0
426,James Tarkowski,ENG,DF,Everton,32-028,1992,14.9,22,1.48,17,2,0,3,0,0,1,0.07,1,0,0,0,0,0
427,Marcus Tavernier,ENG,"FW,MF",Bournemouth,25-270,1999,12.7,61,4.82,43,10,3,2,3,0,8,0.63,4,3,0,0,1,0
428,Charlie Taylor,ENG,DF,Southampton,31-090,1993,2.5,2,0.81,2,0,0,0,0,0,1,0.41,1,0,0,0,0,0
429,Jack Taylor,IRL,MF,Ipswich Town,26-177,1998,3.4,17,4.98,12,1,1,2,0,1,1,0.29,1,0,0,0,0,0
430,Kenny Tete,NED,DF,Fulham,29-069,1995,14.0,23,1.64,16,0,2,3,2,0,3,0.21,3,0,0,0,0,0
431,Thiago,BRA,FW,Brentford,23-174,2001,1.5,2,1.36,1,0,0,0,0,1,0,0.00,0,0,0,0,0,0
432,Luke Thomas,ENG,DF,Leicester City,23-190,2001,1.0,1,1.00,1,0,0,0,0,0,0,0.00,0,0,0,0,0,0
433,Youri Tielemans,BEL,MF,Aston Villa,27-224,1997,15.3,60,3.93,34,22,0,2,1,1,6,0.39,3,3,0,0,0,0
434,Jurriën Timber,NED,DF,Arsenal,23-183,2001,12.6,26,2.07,23,0,2,0,1,0,2,0.16,2,0,0,0,0,0
435,Jean-Clair Todibo,FRA,DF,West Ham,24-353,1999,7.2,4,0.55,3,0,0,0,0,1,0,0.00,0,0,0,0,0,0
436,Harry Toffolo,ENG,DF,Nott'ham Forest,29-120,1995,0.4,0,0.00,0,0,0,0,0,0,0,0.00,0,0,0,0,0,0
437,Takehiro Tomiyasu,JPN,DF,Arsenal,26-042,1998,0.1,1,12.86,1,0,0,0,0,0,0,0.00,0,0,0,0,0,0
438,Sandro Tonali,ITA,MF,Newcastle Utd,24-223,2000,8.2,18,2.18,11,1,1,2,2,1,3,0.36,3,0,0,0,0,0
439,Pau Torres,ESP,DF,Aston Villa,27-336,1997,15.0,10,0.67,8,0,0,2,0,0,2,0.13,1,0,0,1,0,0
440,Conor Townsend,ENG,MF,Ipswich Town,31-288,1993,0.0,0,0.00,0,0,0,0,0,0,0,0.00,0,0,0,0,0,0
441,Adama Traoré,ESP,"FW,MF",Fulham,28-327,1996,9.1,37,4.06,29,0,3,3,0,2,3,0.33,3,0,0,0,0,0
442,Mark Travers,IRL,GK,Bournemouth,25-213,1999,3.0,0,0.00,0,0,0,0,0,0,0,0.00,0,0,0,0,0,0
443,Ryan Trevitt,ENG,MF,Brentford,21-280,2003,0.0,0,0.00,0,0,0,0,0,0,0,0.00,0,0,0,0,0,0
444,Kieran Trippier,ENG,DF,Newcastle Utd,34-089,1990,3.6,16,4.47,9,6,0,1,0,0,0,0.00,0,0,0,0,0,0
445,Leandro Trossard,BEL,FW,Arsenal,30-013,1994,9.4,33,3.49,27,1,2,1,1,1,2,0.21,2,0,0,0,0,0
446,Kostas Tsimikas,GRE,DF,Liverpool,28-219,1996,2.6,8,3.10,5,3,0,0,0,0,1,0.39,1,0,0,0,0,0
447,Axel Tuanzebe,COD,DF,Ipswich Town,27-033,1997,8.6,6,0.70,5,1,0,0,0,0,0,0.00,0,0,0,0,0,0
448,Destiny Udogie,ITA,DF,Tottenham,22-019,2002,14.5,25,1.73,23,0,0,1,0,1,3,0.21,2,0,0,0,0,1
449,Manuel Ugarte Ribeiro,URU,MF,Manchester Utd,23-250,2001,6.6,14,2.12,11,0,0,0,1,2,0,0.00,0,0,0,0,0,0
450,Lesley Ugochukwu,FRA,MF,Southampton,20-266,2004,2.3,3,1.28,3,0,0,0,0,0,0,0.00,0,0,0,0,0,0
451,Enes Ünal,TUR,"FW,MF",Bournemouth,27-221,1997,2.5,6,2.41,3,0,0,2,1,0,2,0.80,1,0,0,0,1,0
452,Virgil van Dijk,NED,DF,Liverpool,33-162,1991,15.0,18,1.20,14,0,0,1,1,2,3,0.20,3,0,0,0,0,0
453,Jamie Vardy,ENG,FW,Leicester City,37-341,1987,13.2,22,1.66,15,0,3,1,3,0,8,0.60,4,0,2,0,2,0
454,Renato Veiga,POR,"DF,MF",Chelsea,21-141,2003,2.0,1,0.49,0,0,0,1,0,0,0,0.00,0,0,0,0,0,0
455,Joël Veltman,NED,DF,Brighton,32-337,1992,10.6,10,0.94,5,1,1,1,2,0,1,0.09,0,1,0,0,0,0
456,Micky van de Ven,NED,DF,Tottenham,23-242,2001,8.8,9,1.03,6,0,0,2,1,0,2,0.23,2,0,0,0,0,0
457,Bart Verbruggen,NED,GK,Brighton,22-121,2002,14.0,2,0.14,2,0,0,0,0,0,0,0.00,0,0,0,0,0,0
458,Jannik Vestergaard,DEN,DF,Leicester City,32-136,1992,7.2,1,0.14,1,0,0,0,0,0,0,0.00,0,0,0,0,0,0
459,Guglielmo Vicario,ITA,GK,Tottenham,28-071,1996,12.0,3,0.25,3,0,0,0,0,0,0,0.00,0,0,0,0,0,0
460,Kyle Walker,ENG,DF,Manchester City,34-203,1990,9.7,15,1.54,15,0,0,0,0,0,0,0.00,0,0,0,0,0,0
461,Kyle Walker-Peters,ENG,DF,Southampton,27-248,1997,13.9,22,1.58,11,1,3,3,2,2,4,0.29,3,0,1,0,0,0
462,Christian Walton,ENG,GK,Ipswich Town,29-038,1995,1.0,0,0.00,0,0,0,0,0,0,0,0.00,0,0,0,0,0,0
463,Aaron Wan-Bissaka,ENG,DF,West Ham,27-021,1997,14.0,44,3.13,34,2,4,2,0,2,3,0.21,2,0,0,1,0,0
464,Danny Ward,WAL,GK,Leicester City,31-178,1993,0.5,0,0.00,0,0,0,0,0,0,0,0.00,0,0,0,0,0,0
465,James Ward-Prowse,ENG,MF,West Ham,30-046,1994,0.2,0,0.00,0,0,0,0,0,0,0,0.00,0,0,0,0,0,0
466,James Ward-Prowse,ENG,MF,Nott'ham Forest,30-046,1994,4.2,9,2.14,5,4,0,0,0,0,1,0.24,0,1,0,0,0,0
467,Ollie Watkins,ENG,FW,Aston Villa,28-353,1995,12.5,30,2.40,18,0,3,5,4,0,5,0.40,2,0,1,1,1,0
468,Adam Webster,ENG,DF,Brighton,29-348,1995,0.9,1,1.14,1,0,0,0,0,0,0,0.00,0,0,0,0,0,0
469,Danny Welbeck,ENG,FW,Brighton,34-021,1990,12.4,29,2.35,19,0,3,1,6,0,4,0.32,4,0,0,0,0,0
470,Timo Werner,GER,"FW,MF",Tottenham,28-286,1996,4.4,14,3.13,11,0,1,1,1,0,3,0.67,3,0,0,0,0,0
471,Adam Wharton,ENG,MF,Crystal Palace,20-198,2004,6.9,26,3.77,20,4,0,1,0,1,1,0.14,1,0,0,0,0,0
472,Ben White,ENG,DF,Arsenal,27-070,1997,7.7,8,1.04,8,0,0,0,0,0,1,0.13,1,0,0,0,0,0
473,Mats Wieffer,NED,MF,Brighton,25-031,1999,4.6,12,2.59,12,0,0,0,0,0,2,0.43,2,0,0,0,0,0
474,Neco Williams,WAL,DF,Nott'ham Forest,23-248,2001,7.2,16,2.22,13,0,0,2,1,0,1,0.14,1,0,0,0,0,0
475,Joe Willock,ENG,"MF,FW",Newcastle Utd,25-119,1999,5.1,21,4.11,19,0,1,1,0,0,2,0.39,2,0,0,0,0,0
Rk,Player,,Pos,Squad,Age,Born,90s,SCA,SCA90,PassLive,PassDead,TO,Sh,Fld,Def,GCA,GCA90,PassLive,PassDead,TO,Sh,Fld,Def
476,Callum Wilson,ENG,"FW,MF",Newcastle Utd,32-294,1992,0.7,1,1.48,0,0,0,0,1,0,0,0.00,0,0,0,0,0,0
477,Harry Wilson,WAL,"FW,MF",Fulham,27-270,1997,3.7,6,1.60,3,2,0,0,1,0,0,0.00,0,0,0,0,0,0
478,Harry Winks,ENG,MF,Leicester City,28-319,1996,9.6,26,2.71,19,7,0,0,0,0,3,0.31,2,1,0,0,0,0
479,Yoane Wissa,COD,FW,Brentford,28-105,1996,10.6,25,2.35,20,0,1,1,3,0,5,0.47,5,0,0,0,0,0
480,Chris Wood,NZL,FW,Nott'ham Forest,33-010,1991,13.7,15,1.09,11,0,1,2,0,1,0,0.00,0,0,0,0,0,0
481,Nathan Wood-Gordon,ENG,DF,Southampton,22-200,2002,2.8,1,0.35,1,0,0,0,0,0,0,0.00,0,0,0,0,0,0
482,Luke Woolfenden,ENG,DF,Ipswich Town,26-057,1998,4.2,0,0.00,0,0,0,0,0,0,0,0.00,0,0,0,0,0,0
483,Yehor Yarmoliuk,UKR,MF,Brentford,20-291,2004,4.4,8,1.82,7,0,1,0,0,0,2,0.46,2,0,0,0,0,0
484,Ryan Yates,ENG,MF,Nott'ham Forest,27-026,1997,13.2,26,1.96,18,0,0,6,1,1,1,0.08,0,0,0,1,0,0
485,Leny Yoro,FRA,DF,Manchester Utd,19-034,2005,1.2,0,0.00,0,0,0,0,0,0,0,0.00,0,0,0,0,0,0
486,Ashley Young,ENG,DF,Everton,39-161,1985,12.5,30,2.40,25,3,0,0,1,1,5,0.40,4,0,0,0,0,1
487,Illia Zabarnyi,UKR,DF,Bournemouth,22-107,2002,16.0,15,0.94,13,1,0,0,0,1,0,0.00,0,0,0,0,0,0
488,Oleksandr Zinchenko,UKR,"DF,MF",Arsenal,28-002,1996,2.6,6,2.27,5,0,0,1,0,0,1,0.38,1,0,0,0,0,0
489,Joshua Zirkzee,NED,"FW,MF",Manchester Utd,23-209,2001,6.7,19,2.82,18,0,0,1,0,0,2,0.30,1,0,0,1,0,0
490,Martin Ødegaard,NOR,MF,Arsenal,26-000,1998,8.1,40,4.97,36,1,2,1,0,0,7,0.87,7,0,0,0,0,0
